osid_scrambled,tid_scrambled,site,shelf,path,pathindex,lim,member_list,neighbor1_final,neighbor1-lim,neighbor1_osid,date,source
636-67923-96,041-7c224-89,109,10,1,1,LIM-10-24,LIM-10-24-8;ISS-10-22-3;LIM-10-24;WSSOPM-10-27;BMD-10-55;BMD-10-57;LIM-10-23;ISS-10-22,110-6f8-64e93-88-5-2,,636-67923-96,2019/09/04,109-041-7c224-89-10-1
636-67923-96,041-7c224-89,109,10,1,1,LIM-10-24,LIM-10-24-8;ISS-10-22-3;LIM-10-24;WSSOPM-10-27;BMD-10-55;BMD-10-57;LIM-10-23;ISS-10-22,109-041-7c224-89-3-5,LIM-3-24,54a-70fb1-69,2019/09/04,109-041-7c224-89-10-1
636-67923-96,041-7c224-89,109,10,1,1,LIM-10-24,LIM-10-24-8;ISS-10-22-3;LIM-10-24;WSSOPM-10-27;BMD-10-55;BMD-10-57;LIM-10-23;ISS-10-22,109-041-7c224-89-3-5,LIM-3-24,54a-70fb1-69,2019/09/04,109-041-7c224-89-10-1
636-67923-96,041-7c224-89,109,10,1,1,LIM-10-24,LIM-10-24-8;ISS-10-22-3;LIM-10-24;WSSOPM-10-27;BMD-10-55;BMD-10-57;LIM-10-23;ISS-10-22,109-041-7c224-89-3-5,LIM-3-24,54a-70fb1-69,2019/09/04,109-041-7c224-89-10-1
54a-70fb1-69,041-7c224-89,109,3,5,1,LIM-3-24,LIM-3-24-8;LIM-3-24-5;LIM-3-24;CMD44-3-51;CMD44-3-52;WSSOPM-3-26;BMD-3-57;LIM-3-25;SLIC-3-31,104-ae4-93288-61-3-8,,54a-70fb1-69,2019/09/04,109-041-7c224-89-3-5
54a-70fb1-69,041-7c224-89,109,3,5,1,LIM-3-24,LIM-3-24-8;LIM-3-24-5;LIM-3-24;CMD44-3-51;CMD44-3-52;WSSOPM-3-26;BMD-3-57;LIM-3-25;SLIC-3-31,109-041-7c224-89-10-1,LIM-10-24,636-67923-96,2019/09/04,109-041-7c224-89-3-5
54a-70fb1-69,041-7c224-89,109,3,5,1,LIM-3-24,LIM-3-24-8;LIM-3-24-5;LIM-3-24;CMD44-3-51;CMD44-3-52;WSSOPM-3-26;BMD-3-57;LIM-3-25;SLIC-3-31,109-041-7c224-89-10-1,LIM-10-24,636-67923-96,2019/09/04,109-041-7c224-89-3-5
54a-70fb1-69,041-7c224-89,109,3,5,1,LIM-3-24,LIM-3-24-8;LIM-3-24-5;LIM-3-24;CMD44-3-51;CMD44-3-52;WSSOPM-3-26;BMD-3-57;LIM-3-25;SLIC-3-31,109-041-7c224-89-10-1,LIM-10-24,636-67923-96,2019/09/04,109-041-7c224-89-3-5
90e-7e992-b1,041-7c224-89,109,9,11,1,LIM-9-24,LIM-9-24-8;LIM-9-24-5;LIM-9-24;CMD44-9-51;CMD44-9-52;WSSOPM-9-27;BMD-9-55;BMD-9-57;LIM-9-23,108-417-d12bb-0d-5-12,,no value present,2019/09/04,109-041-7c224-89-9-11
90e-7e992-b1,041-7c224-89,109,9,11,1,LIM-9-24,LIM-9-24-8;LIM-9-24-5;LIM-9-24;CMD44-9-51;CMD44-9-52;WSSOPM-9-27;BMD-9-55;BMD-9-57;LIM-9-23,109-041-7c224-89-10-1,LIM-10-24,636-67923-96,2019/09/04,109-041-7c224-89-9-11
90e-7e992-b1,041-7c224-89,109,9,11,1,LIM-9-24,LIM-9-24-8;LIM-9-24-5;LIM-9-24;CMD44-9-51;CMD44-9-52;WSSOPM-9-27;BMD-9-55;BMD-9-57;LIM-9-23,109-041-7c224-89-10-1,LIM-10-24,636-67923-96,2019/09/04,109-041-7c224-89-9-11
90e-7e992-b1,041-7c224-89,109,9,11,1,LIM-9-24,LIM-9-24-8;LIM-9-24-5;LIM-9-24;CMD44-9-51;CMD44-9-52;WSSOPM-9-27;BMD-9-55;BMD-9-57;LIM-9-23,109-041-7c224-89-10-1,LIM-10-24,636-67923-96,2019/09/04,109-041-7c224-89-9-11
db7-10189-bd,041-7c224-89,109,2,1,1,LIM-2-24,LIM-2-24-8;LIM-2-24-5;LIM-2-24;CMD44-2-51;CMD44-2-52;WSSOPM-2-26;BMD-2-57;LIM-2-25;SLIC-2-31,108-607-4a93b-3e-1-4,,db7-10189-bd,2019/09/04,109-041-7c224-89-2-1
db7-10189-bd,041-7c224-89,109,2,1,1,LIM-2-24,LIM-2-24-8;LIM-2-24-5;LIM-2-24;CMD44-2-51;CMD44-2-52;WSSOPM-2-26;BMD-2-57;LIM-2-25;SLIC-2-31,109-041-7c224-89-10-1,LIM-10-24,636-67923-96,2019/09/04,109-041-7c224-89-2-1
db7-10189-bd,041-7c224-89,109,2,1,1,LIM-2-24,LIM-2-24-8;LIM-2-24-5;LIM-2-24;CMD44-2-51;CMD44-2-52;WSSOPM-2-26;BMD-2-57;LIM-2-25;SLIC-2-31,109-041-7c224-89-10-1,LIM-10-24,636-67923-96,2019/09/04,109-041-7c224-89-2-1
db7-10189-bd,041-7c224-89,109,2,1,1,LIM-2-24,LIM-2-24-8;LIM-2-24-5;LIM-2-24;CMD44-2-51;CMD44-2-52;WSSOPM-2-26;BMD-2-57;LIM-2-25;SLIC-2-31,109-041-7c224-89-10-1,LIM-10-24,636-67923-96,2019/09/04,109-041-7c224-89-2-1
886-8b883-12,042-ef8c7-8b,33,41,3,2,,,3-afa-c25e6-a6-41-5,,no value present,2019/09/04,33-042-ef8c7-8b-41-3
886-8b883-12,042-ef8c7-8b,33,41,3,2,,,33-042-ef8c7-8b-41-2,,886-8b883-12,2019/09/04,33-042-ef8c7-8b-41-3
886-8b883-12,042-ef8c7-8b,33,41,3,2,,,33-042-ef8c7-8b-41-2,,886-8b883-12,2019/09/04,33-042-ef8c7-8b-41-3
886-8b883-12,042-ef8c7-8b,33,41,3,2,,,33-042-ef8c7-8b-41-2,,886-8b883-12,2019/09/04,33-042-ef8c7-8b-41-3
886-8b883-12,042-ef8c7-8b,33,41,2,3,,,3-afa-c25e6-a6-41-5,,no value present,2019/09/04,33-042-ef8c7-8b-41-2
886-8b883-12,042-ef8c7-8b,33,41,2,3,,,33-042-ef8c7-8b-41-3,,886-8b883-12,2019/09/04,33-042-ef8c7-8b-41-2
886-8b883-12,042-ef8c7-8b,33,41,2,3,,,33-042-ef8c7-8b-41-3,,886-8b883-12,2019/09/04,33-042-ef8c7-8b-41-2
886-8b883-12,042-ef8c7-8b,33,41,2,3,,,33-042-ef8c7-8b-41-3,,886-8b883-12,2019/09/04,33-042-ef8c7-8b-41-2
c86-094ec-03,06a-01cef-fe,26,41,1,1,,,39-830-a65f5-70-42-4,,no value present,2019/09/04,26-06a-01cef-fe-41-1
c86-094ec-03,06a-01cef-fe,26,41,1,1,,,26-06a-01cef-fe-42-4,,6a8-fe868-ac,2019/09/04,26-06a-01cef-fe-41-1
c86-094ec-03,06a-01cef-fe,26,41,1,1,,,26-06a-01cef-fe-42-4,,6a8-fe868-ac,2019/09/04,26-06a-01cef-fe-41-1
c86-094ec-03,06a-01cef-fe,26,41,1,1,,,26-06a-01cef-fe-42-4,,6a8-fe868-ac,2019/09/04,26-06a-01cef-fe-41-1
6a8-fe868-ac,06a-01cef-fe,26,42,4,2,,,40-895-dc759-5d-41-1,,no value present,2019/09/04,26-06a-01cef-fe-42-4
6a8-fe868-ac,06a-01cef-fe,26,42,4,2,,,26-06a-01cef-fe-41-1,,c86-094ec-03,2019/09/04,26-06a-01cef-fe-42-4
6a8-fe868-ac,06a-01cef-fe,26,42,4,2,,,26-06a-01cef-fe-41-1,,c86-094ec-03,2019/09/04,26-06a-01cef-fe-42-4
6a8-fe868-ac,06a-01cef-fe,26,42,4,2,,,26-06a-01cef-fe-41-1,,c86-094ec-03,2019/09/04,26-06a-01cef-fe-42-4
4ec-ccae1-3e,0af-c2565-ed,6,41,3,10,,,7-f7b-973d5-6f-41-2,,no value present,2019/09/04,6-0af-c2565-ed-41-3
4ec-ccae1-3e,0af-c2565-ed,6,41,3,10,,,6-0af-c2565-ed-41-2,,4ec-ccae1-3e,2019/09/04,6-0af-c2565-ed-41-3
4ec-ccae1-3e,0af-c2565-ed,6,41,3,10,,,6-0af-c2565-ed-41-2,,4ec-ccae1-3e,2019/09/04,6-0af-c2565-ed-41-3
4ec-ccae1-3e,0af-c2565-ed,6,41,3,10,,,6-0af-c2565-ed-41-2,,4ec-ccae1-3e,2019/09/04,6-0af-c2565-ed-41-3
4ec-ccae1-3e,0af-c2565-ed,6,41,2,11,,,7-f7b-973d5-6f-41-2,,no value present,2019/09/04,6-0af-c2565-ed-41-2
4ec-ccae1-3e,0af-c2565-ed,6,41,2,11,,,6-0af-c2565-ed-41-3,,4ec-ccae1-3e,2019/09/04,6-0af-c2565-ed-41-2
4ec-ccae1-3e,0af-c2565-ed,6,41,2,11,,,6-0af-c2565-ed-41-3,,4ec-ccae1-3e,2019/09/04,6-0af-c2565-ed-41-2
4ec-ccae1-3e,0af-c2565-ed,6,41,2,11,,,6-0af-c2565-ed-41-3,,4ec-ccae1-3e,2019/09/04,6-0af-c2565-ed-41-2
161-c1321-0a,0cd-97b4f-eb,112,21,5,1,LIM-21-36,LIM-21-36-8;LIM-21-36-5;OSC-21-37-1;LIM-21-36;WSSOPM-21-31,101-b8d-bc4c5-27-22-8,,no value present,2019/09/04,112-0cd-97b4f-eb-21-5
161-c1321-0a,0cd-97b4f-eb,112,21,5,1,LIM-21-36,LIM-21-36-8;LIM-21-36-5;OSC-21-37-1;LIM-21-36;WSSOPM-21-31,112-0cd-97b4f-eb-21-4,LIM-21-23,01f-7e8b7-24,2019/09/04,112-0cd-97b4f-eb-21-5
161-c1321-0a,0cd-97b4f-eb,112,21,5,1,LIM-21-36,LIM-21-36-8;LIM-21-36-5;OSC-21-37-1;LIM-21-36;WSSOPM-21-31,112-0cd-97b4f-eb-21-4,LIM-21-23,01f-7e8b7-24,2019/09/04,112-0cd-97b4f-eb-21-5
161-c1321-0a,0cd-97b4f-eb,112,21,5,1,LIM-21-36,LIM-21-36-8;LIM-21-36-5;OSC-21-37-1;LIM-21-36;WSSOPM-21-31,112-0cd-97b4f-eb-21-4,LIM-21-23,01f-7e8b7-24,2019/09/04,112-0cd-97b4f-eb-21-5
01f-7e8b7-24,0cd-97b4f-eb,112,21,4,2,LIM-21-23,LIM-21-23-8;LIM-21-23-5;OSC-21-22-1;LIM-21-23;WSSOPM-21-27,102-525-adba0-23-22-1,,no value present,2019/09/04,112-0cd-97b4f-eb-21-4
01f-7e8b7-24,0cd-97b4f-eb,112,21,4,2,LIM-21-23,LIM-21-23-8;LIM-21-23-5;OSC-21-22-1;LIM-21-23;WSSOPM-21-27,112-0cd-97b4f-eb-21-5,LIM-21-36,161-c1321-0a,2019/09/04,112-0cd-97b4f-eb-21-4
01f-7e8b7-24,0cd-97b4f-eb,112,21,4,2,LIM-21-23,LIM-21-23-8;LIM-21-23-5;OSC-21-22-1;LIM-21-23;WSSOPM-21-27,112-0cd-97b4f-eb-21-5,LIM-21-36,161-c1321-0a,2019/09/04,112-0cd-97b4f-eb-21-4
01f-7e8b7-24,0cd-97b4f-eb,112,21,4,2,LIM-21-23,LIM-21-23-8;LIM-21-23-5;OSC-21-22-1;LIM-21-23;WSSOPM-21-27,112-0cd-97b4f-eb-21-5,LIM-21-36,161-c1321-0a,2019/09/04,112-0cd-97b4f-eb-21-4
afc-75de1-c0,0e9-038c8-64,20,1,2,12,LIM-1-2,LIM-1-2-8;LIM-1-2-5;OSC-1-4-2;LIM-1-2,19-325-4bd4a-84-1-1,,afc-75de1-c0,2019/09/04,20-0e9-038c8-64-1-2
afc-75de1-c0,0e9-038c8-64,20,1,2,12,LIM-1-2,LIM-1-2-8;LIM-1-2-5;OSC-1-4-2;LIM-1-2,20-0e9-038c8-64-1-1,LIM-1-1,afc-75de1-c0,2019/09/04,20-0e9-038c8-64-1-2
afc-75de1-c0,0e9-038c8-64,20,1,2,12,LIM-1-2,LIM-1-2-8;LIM-1-2-5;OSC-1-4-2;LIM-1-2,20-0e9-038c8-64-1-1,LIM-1-1,afc-75de1-c0,2019/09/04,20-0e9-038c8-64-1-2
afc-75de1-c0,0e9-038c8-64,20,1,2,12,LIM-1-2,LIM-1-2-8;LIM-1-2-5;OSC-1-4-2;LIM-1-2,20-0e9-038c8-64-1-1,LIM-1-1,afc-75de1-c0,2019/09/04,20-0e9-038c8-64-1-2
afc-75de1-c0,0e9-038c8-64,20,1,1,13,LIM-1-1,LIM-1-1-8;LIM-1-1-5;OSC-1-4-1;LIM-1-1,19-325-4bd4a-84-1-1,,afc-75de1-c0,2019/09/04,20-0e9-038c8-64-1-1
afc-75de1-c0,0e9-038c8-64,20,1,1,13,LIM-1-1,LIM-1-1-8;LIM-1-1-5;OSC-1-4-1;LIM-1-1,20-0e9-038c8-64-1-2,LIM-1-2,afc-75de1-c0,2019/09/04,20-0e9-038c8-64-1-1
afc-75de1-c0,0e9-038c8-64,20,1,1,13,LIM-1-1,LIM-1-1-8;LIM-1-1-5;OSC-1-4-1;LIM-1-1,20-0e9-038c8-64-1-2,LIM-1-2,afc-75de1-c0,2019/09/04,20-0e9-038c8-64-1-1
afc-75de1-c0,0e9-038c8-64,20,1,1,13,LIM-1-1,LIM-1-1-8;LIM-1-1-5;OSC-1-4-1;LIM-1-1,20-0e9-038c8-64-1-2,LIM-1-2,afc-75de1-c0,2019/09/04,20-0e9-038c8-64-1-1
afc-75de1-c0,121-a1f19-43,26,13,1,1,LIM-13-2,LIM-13-2-8;LIM-13-2-5;OSC-13-1-1;LIM-13-2;CMD44-13-84;CMD44-13-83;WSSOPM-13-7,25-819-c2966-35-1-1,,afc-75de1-c0,2019/09/04,26-121-a1f19-43-13-1
afc-75de1-c0,121-a1f19-43,26,13,1,1,LIM-13-2,LIM-13-2-8;LIM-13-2-5;OSC-13-1-1;LIM-13-2;CMD44-13-84;CMD44-13-83;WSSOPM-13-7,26-121-a1f19-43-14-2,LIM-14-2,b7a-22d75-92,2019/09/04,26-121-a1f19-43-13-1
afc-75de1-c0,121-a1f19-43,26,13,1,1,LIM-13-2,LIM-13-2-8;LIM-13-2-5;OSC-13-1-1;LIM-13-2;CMD44-13-84;CMD44-13-83;WSSOPM-13-7,26-121-a1f19-43-14-2,LIM-14-2,b7a-22d75-92,2019/09/04,26-121-a1f19-43-13-1
afc-75de1-c0,121-a1f19-43,26,13,1,1,LIM-13-2,LIM-13-2-8;LIM-13-2-5;OSC-13-1-1;LIM-13-2;CMD44-13-84;CMD44-13-83;WSSOPM-13-7,26-121-a1f19-43-14-2,LIM-14-2,b7a-22d75-92,2019/09/04,26-121-a1f19-43-13-1
b7a-22d75-92,121-a1f19-43,26,14,2,8,LIM-14-2,LIM-14-2-8;LIM-14-2-5;OSC-14-1-1;LIM-14-2;CMD44-14-84;CMD44-14-83;WSSOPM-14-7,27-7ac-d48b3-2b-1-1,,b7a-22d75-92,2019/09/04,26-121-a1f19-43-14-2
b7a-22d75-92,121-a1f19-43,26,14,2,8,LIM-14-2,LIM-14-2-8;LIM-14-2-5;OSC-14-1-1;LIM-14-2;CMD44-14-84;CMD44-14-83;WSSOPM-14-7,26-121-a1f19-43-13-1,LIM-13-2,afc-75de1-c0,2019/09/04,26-121-a1f19-43-14-2
b7a-22d75-92,121-a1f19-43,26,14,2,8,LIM-14-2,LIM-14-2-8;LIM-14-2-5;OSC-14-1-1;LIM-14-2;CMD44-14-84;CMD44-14-83;WSSOPM-14-7,26-121-a1f19-43-13-1,LIM-13-2,afc-75de1-c0,2019/09/04,26-121-a1f19-43-14-2
b7a-22d75-92,121-a1f19-43,26,14,2,8,LIM-14-2,LIM-14-2-8;LIM-14-2-5;OSC-14-1-1;LIM-14-2;CMD44-14-84;CMD44-14-83;WSSOPM-14-7,26-121-a1f19-43-13-1,LIM-13-2,afc-75de1-c0,2019/09/04,26-121-a1f19-43-14-2
87c-397e5-35,121-a1f19-43,26,15,2,2,LIM-15-13,LIM-15-13-8;LIM-15-13-5;OSC-15-14-1;LIM-15-13;CMD44-15-84;CMD44-15-83;WSSOPM-15-10,39-dbb-575b9-c1-1-1,,87c-397e5-35,2019/09/04,26-121-a1f19-43-15-2
87c-397e5-35,121-a1f19-43,26,15,2,2,LIM-15-13,LIM-15-13-8;LIM-15-13-5;OSC-15-14-1;LIM-15-13;CMD44-15-84;CMD44-15-83;WSSOPM-15-10,26-121-a1f19-43-13-1,LIM-13-2,afc-75de1-c0,2019/09/04,26-121-a1f19-43-15-2
87c-397e5-35,121-a1f19-43,26,15,2,2,LIM-15-13,LIM-15-13-8;LIM-15-13-5;OSC-15-14-1;LIM-15-13;CMD44-15-84;CMD44-15-83;WSSOPM-15-10,26-121-a1f19-43-13-1,LIM-13-2,afc-75de1-c0,2019/09/04,26-121-a1f19-43-15-2
87c-397e5-35,121-a1f19-43,26,15,2,2,LIM-15-13,LIM-15-13-8;LIM-15-13-5;OSC-15-14-1;LIM-15-13;CMD44-15-84;CMD44-15-83;WSSOPM-15-10,26-121-a1f19-43-13-1,LIM-13-2,afc-75de1-c0,2019/09/04,26-121-a1f19-43-15-2
b7a-22d75-92,145-f5072-e1,28,1,2,4,LIM-1-2,LIM-1-2-8;LIM-1-2-5;OSC-1-4-2;LIM-1-2,27-7ac-d48b3-2b-1-1,,b7a-22d75-92,2019/09/04,28-145-f5072-e1-1-2
b7a-22d75-92,145-f5072-e1,28,1,2,4,LIM-1-2,LIM-1-2-8;LIM-1-2-5;OSC-1-4-2;LIM-1-2,28-145-f5072-e1-1-1,LIM-1-1,b7a-22d75-92,2019/09/04,28-145-f5072-e1-1-2
b7a-22d75-92,145-f5072-e1,28,1,2,4,LIM-1-2,LIM-1-2-8;LIM-1-2-5;OSC-1-4-2;LIM-1-2,28-145-f5072-e1-1-1,LIM-1-1,b7a-22d75-92,2019/09/04,28-145-f5072-e1-1-2
b7a-22d75-92,145-f5072-e1,28,1,2,4,LIM-1-2,LIM-1-2-8;LIM-1-2-5;OSC-1-4-2;LIM-1-2,28-145-f5072-e1-1-1,LIM-1-1,b7a-22d75-92,2019/09/04,28-145-f5072-e1-1-2
b7a-22d75-92,145-f5072-e1,28,1,1,5,LIM-1-1,LIM-1-1-8;LIM-1-1-5;OSC-1-4-1;LIM-1-1,27-7ac-d48b3-2b-1-1,,b7a-22d75-92,2019/09/04,28-145-f5072-e1-1-1
b7a-22d75-92,145-f5072-e1,28,1,1,5,LIM-1-1,LIM-1-1-8;LIM-1-1-5;OSC-1-4-1;LIM-1-1,28-145-f5072-e1-1-2,LIM-1-2,b7a-22d75-92,2019/09/04,28-145-f5072-e1-1-1
b7a-22d75-92,145-f5072-e1,28,1,1,5,LIM-1-1,LIM-1-1-8;LIM-1-1-5;OSC-1-4-1;LIM-1-1,28-145-f5072-e1-1-2,LIM-1-2,b7a-22d75-92,2019/09/04,28-145-f5072-e1-1-1
b7a-22d75-92,145-f5072-e1,28,1,1,5,LIM-1-1,LIM-1-1-8;LIM-1-1-5;OSC-1-4-1;LIM-1-1,28-145-f5072-e1-1-2,LIM-1-2,b7a-22d75-92,2019/09/04,28-145-f5072-e1-1-1
afc-75de1-c0,156-18c67-54,5,1,2,42,LIM-1-2,LIM-1-2-8;LIM-1-2-5;OSC-1-4-2;LIM-1-2,4-d96-a7fb5-a5-1-4,,afc-75de1-c0,2019/09/04,5-156-18c67-54-1-2
afc-75de1-c0,156-18c67-54,5,1,2,42,LIM-1-2,LIM-1-2-8;LIM-1-2-5;OSC-1-4-2;LIM-1-2,5-156-18c67-54-1-1,LIM-1-1,afc-75de1-c0,2019/09/04,5-156-18c67-54-1-2
afc-75de1-c0,156-18c67-54,5,1,2,42,LIM-1-2,LIM-1-2-8;LIM-1-2-5;OSC-1-4-2;LIM-1-2,5-156-18c67-54-1-1,LIM-1-1,afc-75de1-c0,2019/09/04,5-156-18c67-54-1-2
afc-75de1-c0,156-18c67-54,5,1,2,42,LIM-1-2,LIM-1-2-8;LIM-1-2-5;OSC-1-4-2;LIM-1-2,5-156-18c67-54-1-1,LIM-1-1,afc-75de1-c0,2019/09/04,5-156-18c67-54-1-2
afc-75de1-c0,156-18c67-54,5,1,1,43,LIM-1-1,LIM-1-1-8;LIM-1-1-5;OSC-1-4-1;LIM-1-1,4-d96-a7fb5-a5-1-4,,afc-75de1-c0,2019/09/04,5-156-18c67-54-1-1
afc-75de1-c0,156-18c67-54,5,1,1,43,LIM-1-1,LIM-1-1-8;LIM-1-1-5;OSC-1-4-1;LIM-1-1,5-156-18c67-54-1-2,LIM-1-2,afc-75de1-c0,2019/09/04,5-156-18c67-54-1-1
afc-75de1-c0,156-18c67-54,5,1,1,43,LIM-1-1,LIM-1-1-8;LIM-1-1-5;OSC-1-4-1;LIM-1-1,5-156-18c67-54-1-2,LIM-1-2,afc-75de1-c0,2019/09/04,5-156-18c67-54-1-1
afc-75de1-c0,156-18c67-54,5,1,1,43,LIM-1-1,LIM-1-1-8;LIM-1-1-5;OSC-1-4-1;LIM-1-1,5-156-18c67-54-1-2,LIM-1-2,afc-75de1-c0,2019/09/04,5-156-18c67-54-1-1
afc-75de1-c0,196-2ec6e-66,2,1,2,48,LIM-1-2,LIM-1-2-8;LIM-1-2-5;OSC-1-4-2;LIM-1-2,105-fe6-4787b-af-4-2,,afc-75de1-c0,2019/09/04,2-196-2ec6e-66-1-2
afc-75de1-c0,196-2ec6e-66,2,1,2,48,LIM-1-2,LIM-1-2-8;LIM-1-2-5;OSC-1-4-2;LIM-1-2,2-196-2ec6e-66-1-1,LIM-1-1,afc-75de1-c0,2019/09/04,2-196-2ec6e-66-1-2
afc-75de1-c0,196-2ec6e-66,2,1,2,48,LIM-1-2,LIM-1-2-8;LIM-1-2-5;OSC-1-4-2;LIM-1-2,2-196-2ec6e-66-1-1,LIM-1-1,afc-75de1-c0,2019/09/04,2-196-2ec6e-66-1-2
afc-75de1-c0,196-2ec6e-66,2,1,2,48,LIM-1-2,LIM-1-2-8;LIM-1-2-5;OSC-1-4-2;LIM-1-2,2-196-2ec6e-66-1-1,LIM-1-1,afc-75de1-c0,2019/09/04,2-196-2ec6e-66-1-2
afc-75de1-c0,196-2ec6e-66,2,1,1,49,LIM-1-1,LIM-1-1-8;LIM-1-1-5;OSC-1-4-1;LIM-1-1,105-fe6-4787b-af-4-2,,afc-75de1-c0,2019/09/04,2-196-2ec6e-66-1-1
afc-75de1-c0,196-2ec6e-66,2,1,1,49,LIM-1-1,LIM-1-1-8;LIM-1-1-5;OSC-1-4-1;LIM-1-1,2-196-2ec6e-66-1-2,LIM-1-2,afc-75de1-c0,2019/09/04,2-196-2ec6e-66-1-1
afc-75de1-c0,196-2ec6e-66,2,1,1,49,LIM-1-1,LIM-1-1-8;LIM-1-1-5;OSC-1-4-1;LIM-1-1,2-196-2ec6e-66-1-2,LIM-1-2,afc-75de1-c0,2019/09/04,2-196-2ec6e-66-1-1
afc-75de1-c0,196-2ec6e-66,2,1,1,49,LIM-1-1,LIM-1-1-8;LIM-1-1-5;OSC-1-4-1;LIM-1-1,2-196-2ec6e-66-1-2,LIM-1-2,afc-75de1-c0,2019/09/04,2-196-2ec6e-66-1-1
216-fd2b6-77,1c0-81b41-52,41,41,3,6,,,42-0d4-dfd35-46-41-2,,no value present,2019/09/04,41-1c0-81b41-52-41-3
216-fd2b6-77,1c0-81b41-52,41,41,3,6,,,41-1c0-81b41-52-41-2,,216-fd2b6-77,2019/09/04,41-1c0-81b41-52-41-3
216-fd2b6-77,1c0-81b41-52,41,41,3,6,,,41-1c0-81b41-52-41-2,,216-fd2b6-77,2019/09/04,41-1c0-81b41-52-41-3
216-fd2b6-77,1c0-81b41-52,41,41,3,6,,,41-1c0-81b41-52-41-2,,216-fd2b6-77,2019/09/04,41-1c0-81b41-52-41-3
216-fd2b6-77,1c0-81b41-52,41,41,2,7,,,42-0d4-dfd35-46-41-2,,no value present,2019/09/04,41-1c0-81b41-52-41-2
216-fd2b6-77,1c0-81b41-52,41,41,2,7,,,41-1c0-81b41-52-41-3,,216-fd2b6-77,2019/09/04,41-1c0-81b41-52-41-2
216-fd2b6-77,1c0-81b41-52,41,41,2,7,,,41-1c0-81b41-52-41-3,,216-fd2b6-77,2019/09/04,41-1c0-81b41-52-41-2
216-fd2b6-77,1c0-81b41-52,41,41,2,7,,,41-1c0-81b41-52-41-3,,216-fd2b6-77,2019/09/04,41-1c0-81b41-52-41-2
4ec-ccae1-3e,1db-665a7-6b,10,41,3,2,,,11-fb3-600f4-1b-41-1,,no value present,2019/09/04,10-1db-665a7-6b-41-3
4ec-ccae1-3e,1db-665a7-6b,10,41,3,2,,,10-1db-665a7-6b-41-2,,4ec-ccae1-3e,2019/09/04,10-1db-665a7-6b-41-3
4ec-ccae1-3e,1db-665a7-6b,10,41,3,2,,,10-1db-665a7-6b-41-2,,4ec-ccae1-3e,2019/09/04,10-1db-665a7-6b-41-3
4ec-ccae1-3e,1db-665a7-6b,10,41,3,2,,,10-1db-665a7-6b-41-2,,4ec-ccae1-3e,2019/09/04,10-1db-665a7-6b-41-3
4ec-ccae1-3e,1db-665a7-6b,10,41,2,3,,,11-fb3-600f4-1b-41-1,,no value present,2019/09/04,10-1db-665a7-6b-41-2
4ec-ccae1-3e,1db-665a7-6b,10,41,2,3,,,10-1db-665a7-6b-41-3,,4ec-ccae1-3e,2019/09/04,10-1db-665a7-6b-41-2
4ec-ccae1-3e,1db-665a7-6b,10,41,2,3,,,10-1db-665a7-6b-41-3,,4ec-ccae1-3e,2019/09/04,10-1db-665a7-6b-41-2
4ec-ccae1-3e,1db-665a7-6b,10,41,2,3,,,10-1db-665a7-6b-41-3,,4ec-ccae1-3e,2019/09/04,10-1db-665a7-6b-41-2
afc-75de1-c0,24e-a9eb9-19,9,1,2,34,LIM-1-2,LIM-1-2-8;LIM-1-2-5;OSC-1-4-2;LIM-1-2,8-ad1-c9a6c-ec-2-2,,afc-75de1-c0,2019/09/04,9-24e-a9eb9-19-1-2
afc-75de1-c0,24e-a9eb9-19,9,1,2,34,LIM-1-2,LIM-1-2-8;LIM-1-2-5;OSC-1-4-2;LIM-1-2,9-24e-a9eb9-19-1-1,LIM-1-1,afc-75de1-c0,2019/09/04,9-24e-a9eb9-19-1-2
afc-75de1-c0,24e-a9eb9-19,9,1,2,34,LIM-1-2,LIM-1-2-8;LIM-1-2-5;OSC-1-4-2;LIM-1-2,9-24e-a9eb9-19-1-1,LIM-1-1,afc-75de1-c0,2019/09/04,9-24e-a9eb9-19-1-2
afc-75de1-c0,24e-a9eb9-19,9,1,2,34,LIM-1-2,LIM-1-2-8;LIM-1-2-5;OSC-1-4-2;LIM-1-2,9-24e-a9eb9-19-1-1,LIM-1-1,afc-75de1-c0,2019/09/04,9-24e-a9eb9-19-1-2
afc-75de1-c0,24e-a9eb9-19,9,1,1,35,LIM-1-1,LIM-1-1-8;LIM-1-1-5;OSC-1-4-1;LIM-1-1,8-ad1-c9a6c-ec-2-2,,afc-75de1-c0,2019/09/04,9-24e-a9eb9-19-1-1
afc-75de1-c0,24e-a9eb9-19,9,1,1,35,LIM-1-1,LIM-1-1-8;LIM-1-1-5;OSC-1-4-1;LIM-1-1,9-24e-a9eb9-19-1-2,LIM-1-2,afc-75de1-c0,2019/09/04,9-24e-a9eb9-19-1-1
afc-75de1-c0,24e-a9eb9-19,9,1,1,35,LIM-1-1,LIM-1-1-8;LIM-1-1-5;OSC-1-4-1;LIM-1-1,9-24e-a9eb9-19-1-2,LIM-1-2,afc-75de1-c0,2019/09/04,9-24e-a9eb9-19-1-1
afc-75de1-c0,24e-a9eb9-19,9,1,1,35,LIM-1-1,LIM-1-1-8;LIM-1-1-5;OSC-1-4-1;LIM-1-1,9-24e-a9eb9-19-1-2,LIM-1-2,afc-75de1-c0,2019/09/04,9-24e-a9eb9-19-1-1
afc-75de1-c0,2b7-f2047-50,16,1,2,20,LIM-1-2,LIM-1-2-8;LIM-1-2-5;OSC-1-4-2;LIM-1-2,15-4ca-a9c53-43-1-1,,afc-75de1-c0,2019/09/04,16-2b7-f2047-50-1-2
afc-75de1-c0,2b7-f2047-50,16,1,2,20,LIM-1-2,LIM-1-2-8;LIM-1-2-5;OSC-1-4-2;LIM-1-2,16-2b7-f2047-50-1-1,LIM-1-1,afc-75de1-c0,2019/09/04,16-2b7-f2047-50-1-2
afc-75de1-c0,2b7-f2047-50,16,1,2,20,LIM-1-2,LIM-1-2-8;LIM-1-2-5;OSC-1-4-2;LIM-1-2,16-2b7-f2047-50-1-1,LIM-1-1,afc-75de1-c0,2019/09/04,16-2b7-f2047-50-1-2
afc-75de1-c0,2b7-f2047-50,16,1,2,20,LIM-1-2,LIM-1-2-8;LIM-1-2-5;OSC-1-4-2;LIM-1-2,16-2b7-f2047-50-1-1,LIM-1-1,afc-75de1-c0,2019/09/04,16-2b7-f2047-50-1-2
afc-75de1-c0,2b7-f2047-50,16,1,1,21,LIM-1-1,LIM-1-1-8;LIM-1-1-5;OSC-1-4-1;LIM-1-1,15-4ca-a9c53-43-1-1,,afc-75de1-c0,2019/09/04,16-2b7-f2047-50-1-1
afc-75de1-c0,2b7-f2047-50,16,1,1,21,LIM-1-1,LIM-1-1-8;LIM-1-1-5;OSC-1-4-1;LIM-1-1,16-2b7-f2047-50-1-2,LIM-1-2,afc-75de1-c0,2019/09/04,16-2b7-f2047-50-1-1
afc-75de1-c0,2b7-f2047-50,16,1,1,21,LIM-1-1,LIM-1-1-8;LIM-1-1-5;OSC-1-4-1;LIM-1-1,16-2b7-f2047-50-1-2,LIM-1-2,afc-75de1-c0,2019/09/04,16-2b7-f2047-50-1-1
afc-75de1-c0,2b7-f2047-50,16,1,1,21,LIM-1-1,LIM-1-1-8;LIM-1-1-5;OSC-1-4-1;LIM-1-1,16-2b7-f2047-50-1-2,LIM-1-2,afc-75de1-c0,2019/09/04,16-2b7-f2047-50-1-1
4ec-ccae1-3e,2bc-76ec8-b8,8,41,3,6,,,9-05e-47e8b-d0-41-2,,no value present,2019/09/04,8-2bc-76ec8-b8-41-3
4ec-ccae1-3e,2bc-76ec8-b8,8,41,3,6,,,8-2bc-76ec8-b8-41-2,,4ec-ccae1-3e,2019/09/04,8-2bc-76ec8-b8-41-3
4ec-ccae1-3e,2bc-76ec8-b8,8,41,3,6,,,8-2bc-76ec8-b8-41-2,,4ec-ccae1-3e,2019/09/04,8-2bc-76ec8-b8-41-3
4ec-ccae1-3e,2bc-76ec8-b8,8,41,3,6,,,8-2bc-76ec8-b8-41-2,,4ec-ccae1-3e,2019/09/04,8-2bc-76ec8-b8-41-3
4ec-ccae1-3e,2bc-76ec8-b8,8,41,2,7,,,9-05e-47e8b-d0-41-2,,no value present,2019/09/04,8-2bc-76ec8-b8-41-2
4ec-ccae1-3e,2bc-76ec8-b8,8,41,2,7,,,8-2bc-76ec8-b8-41-3,,4ec-ccae1-3e,2019/09/04,8-2bc-76ec8-b8-41-2
4ec-ccae1-3e,2bc-76ec8-b8,8,41,2,7,,,8-2bc-76ec8-b8-41-3,,4ec-ccae1-3e,2019/09/04,8-2bc-76ec8-b8-41-2
4ec-ccae1-3e,2bc-76ec8-b8,8,41,2,7,,,8-2bc-76ec8-b8-41-3,,4ec-ccae1-3e,2019/09/04,8-2bc-76ec8-b8-41-2
afc-75de1-c0,325-4bd4a-84,19,1,2,14,LIM-1-2,LIM-1-2-8;LIM-1-2-5;OSC-1-4-2;LIM-1-2,18-7e2-d1bf8-f0-1-1,,afc-75de1-c0,2019/09/04,19-325-4bd4a-84-1-2
afc-75de1-c0,325-4bd4a-84,19,1,2,14,LIM-1-2,LIM-1-2-8;LIM-1-2-5;OSC-1-4-2;LIM-1-2,19-325-4bd4a-84-1-1,LIM-1-1,afc-75de1-c0,2019/09/04,19-325-4bd4a-84-1-2
afc-75de1-c0,325-4bd4a-84,19,1,2,14,LIM-1-2,LIM-1-2-8;LIM-1-2-5;OSC-1-4-2;LIM-1-2,19-325-4bd4a-84-1-1,LIM-1-1,afc-75de1-c0,2019/09/04,19-325-4bd4a-84-1-2
afc-75de1-c0,325-4bd4a-84,19,1,2,14,LIM-1-2,LIM-1-2-8;LIM-1-2-5;OSC-1-4-2;LIM-1-2,19-325-4bd4a-84-1-1,LIM-1-1,afc-75de1-c0,2019/09/04,19-325-4bd4a-84-1-2
afc-75de1-c0,325-4bd4a-84,19,1,1,15,LIM-1-1,LIM-1-1-8;LIM-1-1-5;OSC-1-4-1;LIM-1-1,18-7e2-d1bf8-f0-1-1,,afc-75de1-c0,2019/09/04,19-325-4bd4a-84-1-1
afc-75de1-c0,325-4bd4a-84,19,1,1,15,LIM-1-1,LIM-1-1-8;LIM-1-1-5;OSC-1-4-1;LIM-1-1,19-325-4bd4a-84-1-2,LIM-1-2,afc-75de1-c0,2019/09/04,19-325-4bd4a-84-1-1
afc-75de1-c0,325-4bd4a-84,19,1,1,15,LIM-1-1,LIM-1-1-8;LIM-1-1-5;OSC-1-4-1;LIM-1-1,19-325-4bd4a-84-1-2,LIM-1-2,afc-75de1-c0,2019/09/04,19-325-4bd4a-84-1-1
afc-75de1-c0,325-4bd4a-84,19,1,1,15,LIM-1-1,LIM-1-1-8;LIM-1-1-5;OSC-1-4-1;LIM-1-1,19-325-4bd4a-84-1-2,LIM-1-2,afc-75de1-c0,2019/09/04,19-325-4bd4a-84-1-1
141-526ce-57,375-d9020-08,104,23,1,1,LIM-23-24,LIM-23-24-8;ISS-23-22-3;LIM-23-24;CMD44-23-51;CMD44-23-52;WSSOPM-23-27;BMD-23-55;BMD-23-57;LIM-23-23;ISS-23-22;SLIC-23-25,105-6ea-d45c5-dd-21-4,,no value present,2019/09/04,104-375-d9020-08-23-1
141-526ce-57,375-d9020-08,104,23,1,1,LIM-23-24,LIM-23-24-8;ISS-23-22-3;LIM-23-24;CMD44-23-51;CMD44-23-52;WSSOPM-23-27;BMD-23-55;BMD-23-57;LIM-23-23;ISS-23-22;SLIC-23-25,104-375-d9020-08-21-4,LIM-21-24,918-682ab-f0,2019/09/04,104-375-d9020-08-23-1
141-526ce-57,375-d9020-08,104,23,1,1,LIM-23-24,LIM-23-24-8;ISS-23-22-3;LIM-23-24;CMD44-23-51;CMD44-23-52;WSSOPM-23-27;BMD-23-55;BMD-23-57;LIM-23-23;ISS-23-22;SLIC-23-25,104-375-d9020-08-21-4,LIM-21-24,918-682ab-f0,2019/09/04,104-375-d9020-08-23-1
141-526ce-57,375-d9020-08,104,23,1,1,LIM-23-24,LIM-23-24-8;ISS-23-22-3;LIM-23-24;CMD44-23-51;CMD44-23-52;WSSOPM-23-27;BMD-23-55;BMD-23-57;LIM-23-23;ISS-23-22;SLIC-23-25,104-375-d9020-08-21-4,LIM-21-24,918-682ab-f0,2019/09/04,104-375-d9020-08-23-1
918-682ab-f0,375-d9020-08,104,21,4,2,LIM-21-24,LIM-21-24-8;ISS-21-22-3;LIM-21-24;WSSOPM-21-27;BMD-21-55;BMD-21-57;LIM-21-23;ISS-21-22;SLIC-21-25,103-597-cba95-25-21-1,,no value present,2019/09/04,104-375-d9020-08-21-4
918-682ab-f0,375-d9020-08,104,21,4,2,LIM-21-24,LIM-21-24-8;ISS-21-22-3;LIM-21-24;WSSOPM-21-27;BMD-21-55;BMD-21-57;LIM-21-23;ISS-21-22;SLIC-21-25,104-375-d9020-08-23-1,LIM-23-24,141-526ce-57,2019/09/04,104-375-d9020-08-21-4
918-682ab-f0,375-d9020-08,104,21,4,2,LIM-21-24,LIM-21-24-8;ISS-21-22-3;LIM-21-24;WSSOPM-21-27;BMD-21-55;BMD-21-57;LIM-21-23;ISS-21-22;SLIC-21-25,104-375-d9020-08-23-1,LIM-23-24,141-526ce-57,2019/09/04,104-375-d9020-08-21-4
918-682ab-f0,375-d9020-08,104,21,4,2,LIM-21-24,LIM-21-24-8;ISS-21-22-3;LIM-21-24;WSSOPM-21-27;BMD-21-55;BMD-21-57;LIM-21-23;ISS-21-22;SLIC-21-25,104-375-d9020-08-23-1,LIM-23-24,141-526ce-57,2019/09/04,104-375-d9020-08-21-4
971-e0858-8d,393-4ff47-cf,16,41,3,6,,,17-d6d-f2232-39-41-2,,no value present,2019/09/04,16-393-4ff47-cf-41-3
971-e0858-8d,393-4ff47-cf,16,41,3,6,,,16-393-4ff47-cf-41-2,,971-e0858-8d,2019/09/04,16-393-4ff47-cf-41-3
971-e0858-8d,393-4ff47-cf,16,41,3,6,,,16-393-4ff47-cf-41-2,,971-e0858-8d,2019/09/04,16-393-4ff47-cf-41-3
971-e0858-8d,393-4ff47-cf,16,41,3,6,,,16-393-4ff47-cf-41-2,,971-e0858-8d,2019/09/04,16-393-4ff47-cf-41-3
971-e0858-8d,393-4ff47-cf,16,41,2,7,,,17-d6d-f2232-39-41-2,,no value present,2019/09/04,16-393-4ff47-cf-41-2
971-e0858-8d,393-4ff47-cf,16,41,2,7,,,16-393-4ff47-cf-41-3,,971-e0858-8d,2019/09/04,16-393-4ff47-cf-41-2
971-e0858-8d,393-4ff47-cf,16,41,2,7,,,16-393-4ff47-cf-41-3,,971-e0858-8d,2019/09/04,16-393-4ff47-cf-41-2
971-e0858-8d,393-4ff47-cf,16,41,2,7,,,16-393-4ff47-cf-41-3,,971-e0858-8d,2019/09/04,16-393-4ff47-cf-41-2
971-e0858-8d,3a4-de101-70,14,41,3,10,,,15-cec-c074d-3a-41-2,,no value present,2019/09/04,14-3a4-de101-70-41-3
971-e0858-8d,3a4-de101-70,14,41,3,10,,,14-3a4-de101-70-41-2,,971-e0858-8d,2019/09/04,14-3a4-de101-70-41-3
971-e0858-8d,3a4-de101-70,14,41,3,10,,,14-3a4-de101-70-41-2,,971-e0858-8d,2019/09/04,14-3a4-de101-70-41-3
971-e0858-8d,3a4-de101-70,14,41,3,10,,,14-3a4-de101-70-41-2,,971-e0858-8d,2019/09/04,14-3a4-de101-70-41-3
971-e0858-8d,3a4-de101-70,14,41,2,11,,,15-cec-c074d-3a-41-2,,no value present,2019/09/04,14-3a4-de101-70-41-2
971-e0858-8d,3a4-de101-70,14,41,2,11,,,14-3a4-de101-70-41-3,,971-e0858-8d,2019/09/04,14-3a4-de101-70-41-2
971-e0858-8d,3a4-de101-70,14,41,2,11,,,14-3a4-de101-70-41-3,,971-e0858-8d,2019/09/04,14-3a4-de101-70-41-2
971-e0858-8d,3a4-de101-70,14,41,2,11,,,14-3a4-de101-70-41-3,,971-e0858-8d,2019/09/04,14-3a4-de101-70-41-2
886-8b883-12,3c6-34efd-e8,32,41,3,4,,,33-7a5-ab562-05-41-2,,no value present,2019/09/04,32-3c6-34efd-e8-41-3
886-8b883-12,3c6-34efd-e8,32,41,3,4,,,32-3c6-34efd-e8-41-2,,886-8b883-12,2019/09/04,32-3c6-34efd-e8-41-3
886-8b883-12,3c6-34efd-e8,32,41,3,4,,,32-3c6-34efd-e8-41-2,,886-8b883-12,2019/09/04,32-3c6-34efd-e8-41-3
886-8b883-12,3c6-34efd-e8,32,41,3,4,,,32-3c6-34efd-e8-41-2,,886-8b883-12,2019/09/04,32-3c6-34efd-e8-41-3
886-8b883-12,3c6-34efd-e8,32,41,2,5,,,33-7a5-ab562-05-41-2,,no value present,2019/09/04,32-3c6-34efd-e8-41-2
886-8b883-12,3c6-34efd-e8,32,41,2,5,,,32-3c6-34efd-e8-41-3,,886-8b883-12,2019/09/04,32-3c6-34efd-e8-41-2
886-8b883-12,3c6-34efd-e8,32,41,2,5,,,32-3c6-34efd-e8-41-3,,886-8b883-12,2019/09/04,32-3c6-34efd-e8-41-2
886-8b883-12,3c6-34efd-e8,32,41,2,5,,,32-3c6-34efd-e8-41-3,,886-8b883-12,2019/09/04,32-3c6-34efd-e8-41-2
afc-75de1-c0,423-05d88-8a,13,2,2,26,LIM-2-2,FRV-FDGFF1-1-1;LIM-2-2-8;LIM-2-2-5;OSC-2-4-1;LIM-2-2;WSS-2-3,13-423-05d88-8a-1-1,,afc-75de1-c0,2019/09/04,13-423-05d88-8a-2-2
afc-75de1-c0,423-05d88-8a,13,2,2,26,LIM-2-2,FRV-FDGFF1-1-1;LIM-2-2-8;LIM-2-2-5;OSC-2-4-1;LIM-2-2;WSS-2-3,13-423-05d88-8a-1-1,LIM-1-2,afc-75de1-c0,2019/09/04,13-423-05d88-8a-2-2
afc-75de1-c0,423-05d88-8a,13,2,2,26,LIM-2-2,FRV-FDGFF1-1-1;LIM-2-2-8;LIM-2-2-5;OSC-2-4-1;LIM-2-2;WSS-2-3,13-423-05d88-8a-1-1,LIM-1-2,afc-75de1-c0,2019/09/04,13-423-05d88-8a-2-2
afc-75de1-c0,423-05d88-8a,13,2,2,26,LIM-2-2,FRV-FDGFF1-1-1;LIM-2-2-8;LIM-2-2-5;OSC-2-4-1;LIM-2-2;WSS-2-3,13-423-05d88-8a-1-1,LIM-1-2,afc-75de1-c0,2019/09/04,13-423-05d88-8a-2-2
afc-75de1-c0,423-05d88-8a,13,1,1,27,LIM-1-2,FRV-FDGFF1-2-1;LIM-1-2-8;LIM-1-2-5;OSC-1-4-1;LIM-1-2;WSS-1-3,13-423-05d88-8a-2-2,,afc-75de1-c0,2019/09/04,13-423-05d88-8a-1-1
afc-75de1-c0,423-05d88-8a,13,1,1,27,LIM-1-2,FRV-FDGFF1-2-1;LIM-1-2-8;LIM-1-2-5;OSC-1-4-1;LIM-1-2;WSS-1-3,13-423-05d88-8a-2-2,LIM-2-2,afc-75de1-c0,2019/09/04,13-423-05d88-8a-1-1
afc-75de1-c0,423-05d88-8a,13,1,1,27,LIM-1-2,FRV-FDGFF1-2-1;LIM-1-2-8;LIM-1-2-5;OSC-1-4-1;LIM-1-2;WSS-1-3,13-423-05d88-8a-2-2,LIM-2-2,afc-75de1-c0,2019/09/04,13-423-05d88-8a-1-1
afc-75de1-c0,423-05d88-8a,13,1,1,27,LIM-1-2,FRV-FDGFF1-2-1;LIM-1-2-8;LIM-1-2-5;OSC-1-4-1;LIM-1-2;WSS-1-3,13-423-05d88-8a-2-2,LIM-2-2,afc-75de1-c0,2019/09/04,13-423-05d88-8a-1-1
971-e0858-8d,42d-07ea2-c4,18,41,3,2,,,19-5e4-e2eaf-03-41-1,,no value present,2019/09/04,18-42d-07ea2-c4-41-3
971-e0858-8d,42d-07ea2-c4,18,41,3,2,,,18-42d-07ea2-c4-41-2,,971-e0858-8d,2019/09/04,18-42d-07ea2-c4-41-3
971-e0858-8d,42d-07ea2-c4,18,41,3,2,,,18-42d-07ea2-c4-41-2,,971-e0858-8d,2019/09/04,18-42d-07ea2-c4-41-3
971-e0858-8d,42d-07ea2-c4,18,41,3,2,,,18-42d-07ea2-c4-41-2,,971-e0858-8d,2019/09/04,18-42d-07ea2-c4-41-3
971-e0858-8d,42d-07ea2-c4,18,41,2,3,,,19-5e4-e2eaf-03-41-1,,no value present,2019/09/04,18-42d-07ea2-c4-41-2
971-e0858-8d,42d-07ea2-c4,18,41,2,3,,,18-42d-07ea2-c4-41-3,,971-e0858-8d,2019/09/04,18-42d-07ea2-c4-41-2
971-e0858-8d,42d-07ea2-c4,18,41,2,3,,,18-42d-07ea2-c4-41-3,,971-e0858-8d,2019/09/04,18-42d-07ea2-c4-41-2
971-e0858-8d,42d-07ea2-c4,18,41,2,3,,,18-42d-07ea2-c4-41-3,,971-e0858-8d,2019/09/04,18-42d-07ea2-c4-41-2
afc-75de1-c0,439-8550f-8f,11,1,2,30,LIM-1-2,LIM-1-2-8;LIM-1-2-5;OSC-1-4-2;LIM-1-2,10-fa4-9fd19-5d-1-1,,afc-75de1-c0,2019/09/04,11-439-8550f-8f-1-2
afc-75de1-c0,439-8550f-8f,11,1,2,30,LIM-1-2,LIM-1-2-8;LIM-1-2-5;OSC-1-4-2;LIM-1-2,11-439-8550f-8f-1-1,LIM-1-1,afc-75de1-c0,2019/09/04,11-439-8550f-8f-1-2
afc-75de1-c0,439-8550f-8f,11,1,2,30,LIM-1-2,LIM-1-2-8;LIM-1-2-5;OSC-1-4-2;LIM-1-2,11-439-8550f-8f-1-1,LIM-1-1,afc-75de1-c0,2019/09/04,11-439-8550f-8f-1-2
afc-75de1-c0,439-8550f-8f,11,1,2,30,LIM-1-2,LIM-1-2-8;LIM-1-2-5;OSC-1-4-2;LIM-1-2,11-439-8550f-8f-1-1,LIM-1-1,afc-75de1-c0,2019/09/04,11-439-8550f-8f-1-2
afc-75de1-c0,439-8550f-8f,11,1,1,31,LIM-1-1,LIM-1-1-8;LIM-1-1-5;OSC-1-4-1;LIM-1-1,10-fa4-9fd19-5d-1-1,,afc-75de1-c0,2019/09/04,11-439-8550f-8f-1-1
afc-75de1-c0,439-8550f-8f,11,1,1,31,LIM-1-1,LIM-1-1-8;LIM-1-1-5;OSC-1-4-1;LIM-1-1,11-439-8550f-8f-1-2,LIM-1-2,afc-75de1-c0,2019/09/04,11-439-8550f-8f-1-1
afc-75de1-c0,439-8550f-8f,11,1,1,31,LIM-1-1,LIM-1-1-8;LIM-1-1-5;OSC-1-4-1;LIM-1-1,11-439-8550f-8f-1-2,LIM-1-2,afc-75de1-c0,2019/09/04,11-439-8550f-8f-1-1
afc-75de1-c0,439-8550f-8f,11,1,1,31,LIM-1-1,LIM-1-1-8;LIM-1-1-5;OSC-1-4-1;LIM-1-1,11-439-8550f-8f-1-2,LIM-1-2,afc-75de1-c0,2019/09/04,11-439-8550f-8f-1-1
014-73fda-71,46a-5abd9-d8,37,1,2,2,LIM-1-2,LIM-1-2-8;LIM-1-2-5;OSC-1-4-2;LIM-1-2,36-766-f3051-d7-1-1,,014-73fda-71,2019/09/04,37-46a-5abd9-d8-1-2
014-73fda-71,46a-5abd9-d8,37,1,2,2,LIM-1-2,LIM-1-2-8;LIM-1-2-5;OSC-1-4-2;LIM-1-2,37-46a-5abd9-d8-1-1,LIM-1-1,014-73fda-71,2019/09/04,37-46a-5abd9-d8-1-2
014-73fda-71,46a-5abd9-d8,37,1,2,2,LIM-1-2,LIM-1-2-8;LIM-1-2-5;OSC-1-4-2;LIM-1-2,37-46a-5abd9-d8-1-1,LIM-1-1,014-73fda-71,2019/09/04,37-46a-5abd9-d8-1-2
014-73fda-71,46a-5abd9-d8,37,1,2,2,LIM-1-2,LIM-1-2-8;LIM-1-2-5;OSC-1-4-2;LIM-1-2,37-46a-5abd9-d8-1-1,LIM-1-1,014-73fda-71,2019/09/04,37-46a-5abd9-d8-1-2
014-73fda-71,46a-5abd9-d8,37,1,1,3,LIM-1-1,LIM-1-1-8;LIM-1-1-5;OSC-1-4-1;LIM-1-1,36-766-f3051-d7-1-1,,014-73fda-71,2019/09/04,37-46a-5abd9-d8-1-1
014-73fda-71,46a-5abd9-d8,37,1,1,3,LIM-1-1,LIM-1-1-8;LIM-1-1-5;OSC-1-4-1;LIM-1-1,37-46a-5abd9-d8-1-2,LIM-1-2,014-73fda-71,2019/09/04,37-46a-5abd9-d8-1-1
014-73fda-71,46a-5abd9-d8,37,1,1,3,LIM-1-1,LIM-1-1-8;LIM-1-1-5;OSC-1-4-1;LIM-1-1,37-46a-5abd9-d8-1-2,LIM-1-2,014-73fda-71,2019/09/04,37-46a-5abd9-d8-1-1
014-73fda-71,46a-5abd9-d8,37,1,1,3,LIM-1-1,LIM-1-1-8;LIM-1-1-5;OSC-1-4-1;LIM-1-1,37-46a-5abd9-d8-1-2,LIM-1-2,014-73fda-71,2019/09/04,37-46a-5abd9-d8-1-1
014-73fda-71,474-5cb2a-11,38,1,1,1,LIM-1-1,LIM-1-1-8;LIM-1-1-5;OSC-1-4-21;LIM-1-1;GMD-1-4;CMD8-1-5;CMD8-1-6;CMD8-1-7,37-46a-5abd9-d8-1-1,,014-73fda-71,2019/09/04,38-474-5cb2a-11-1-1
afc-75de1-c0,4a2-3985c-eb,17,1,1,19,LIM-1-2,BIG-CDGFF2-2-1;LIM-1-2-8;LIM-1-2-5;OSC-1-4-21;LIM-1-2;GMD-1-4,17-695-aa77b-8f-2-2,,afc-75de1-c0,2019/09/04,17-4a2-3985c-eb-1-1
afc-75de1-c0,4ca-a9c53-43,15,1,2,22,LIM-1-2,LIM-1-2-8;LIM-1-2-5;OSC-1-4-2;LIM-1-2,14-c44-7ec6b-89-1-1,,afc-75de1-c0,2019/09/04,15-4ca-a9c53-43-1-2
afc-75de1-c0,4ca-a9c53-43,15,1,2,22,LIM-1-2,LIM-1-2-8;LIM-1-2-5;OSC-1-4-2;LIM-1-2,15-4ca-a9c53-43-1-1,LIM-1-1,afc-75de1-c0,2019/09/04,15-4ca-a9c53-43-1-2
afc-75de1-c0,4ca-a9c53-43,15,1,2,22,LIM-1-2,LIM-1-2-8;LIM-1-2-5;OSC-1-4-2;LIM-1-2,15-4ca-a9c53-43-1-1,LIM-1-1,afc-75de1-c0,2019/09/04,15-4ca-a9c53-43-1-2
afc-75de1-c0,4ca-a9c53-43,15,1,2,22,LIM-1-2,LIM-1-2-8;LIM-1-2-5;OSC-1-4-2;LIM-1-2,15-4ca-a9c53-43-1-1,LIM-1-1,afc-75de1-c0,2019/09/04,15-4ca-a9c53-43-1-2
afc-75de1-c0,4ca-a9c53-43,15,1,1,23,LIM-1-1,LIM-1-1-8;LIM-1-1-5;OSC-1-4-1;LIM-1-1,14-c44-7ec6b-89-1-1,,afc-75de1-c0,2019/09/04,15-4ca-a9c53-43-1-1
afc-75de1-c0,4ca-a9c53-43,15,1,1,23,LIM-1-1,LIM-1-1-8;LIM-1-1-5;OSC-1-4-1;LIM-1-1,15-4ca-a9c53-43-1-2,LIM-1-2,afc-75de1-c0,2019/09/04,15-4ca-a9c53-43-1-1
afc-75de1-c0,4ca-a9c53-43,15,1,1,23,LIM-1-1,LIM-1-1-8;LIM-1-1-5;OSC-1-4-1;LIM-1-1,15-4ca-a9c53-43-1-2,LIM-1-2,afc-75de1-c0,2019/09/04,15-4ca-a9c53-43-1-1
afc-75de1-c0,4ca-a9c53-43,15,1,1,23,LIM-1-1,LIM-1-1-8;LIM-1-1-5;OSC-1-4-1;LIM-1-1,15-4ca-a9c53-43-1-2,LIM-1-2,afc-75de1-c0,2019/09/04,15-4ca-a9c53-43-1-1
b7a-22d75-92,4f1-8880c-75,29,1,2,2,LIM-1-2,LIM-1-2-8;LIM-1-2-5;OSC-1-4-2;LIM-1-2,28-145-f5072-e1-1-1,,b7a-22d75-92,2019/09/04,29-4f1-8880c-75-1-2
b7a-22d75-92,4f1-8880c-75,29,1,2,2,LIM-1-2,LIM-1-2-8;LIM-1-2-5;OSC-1-4-2;LIM-1-2,29-4f1-8880c-75-1-1,LIM-1-1,b7a-22d75-92,2019/09/04,29-4f1-8880c-75-1-2
b7a-22d75-92,4f1-8880c-75,29,1,2,2,LIM-1-2,LIM-1-2-8;LIM-1-2-5;OSC-1-4-2;LIM-1-2,29-4f1-8880c-75-1-1,LIM-1-1,b7a-22d75-92,2019/09/04,29-4f1-8880c-75-1-2
b7a-22d75-92,4f1-8880c-75,29,1,2,2,LIM-1-2,LIM-1-2-8;LIM-1-2-5;OSC-1-4-2;LIM-1-2,29-4f1-8880c-75-1-1,LIM-1-1,b7a-22d75-92,2019/09/04,29-4f1-8880c-75-1-2
b7a-22d75-92,4f1-8880c-75,29,1,1,3,LIM-1-1,LIM-1-1-8;LIM-1-1-5;OSC-1-4-1;LIM-1-1,28-145-f5072-e1-1-1,,b7a-22d75-92,2019/09/04,29-4f1-8880c-75-1-1
b7a-22d75-92,4f1-8880c-75,29,1,1,3,LIM-1-1,LIM-1-1-8;LIM-1-1-5;OSC-1-4-1;LIM-1-1,29-4f1-8880c-75-1-2,LIM-1-2,b7a-22d75-92,2019/09/04,29-4f1-8880c-75-1-1
b7a-22d75-92,4f1-8880c-75,29,1,1,3,LIM-1-1,LIM-1-1-8;LIM-1-1-5;OSC-1-4-1;LIM-1-1,29-4f1-8880c-75-1-2,LIM-1-2,b7a-22d75-92,2019/09/04,29-4f1-8880c-75-1-1
b7a-22d75-92,4f1-8880c-75,29,1,1,3,LIM-1-1,LIM-1-1-8;LIM-1-1-5;OSC-1-4-1;LIM-1-1,29-4f1-8880c-75-1-2,LIM-1-2,b7a-22d75-92,2019/09/04,29-4f1-8880c-75-1-1
afc-75de1-c0,520-45217-ff,23,1,2,6,LIM-1-2,LIM-1-2-8;LIM-1-2-5;OSC-1-4-2;LIM-1-2,22-5ae-69c45-f8-1-1,,afc-75de1-c0,2019/09/04,23-520-45217-ff-1-2
afc-75de1-c0,520-45217-ff,23,1,2,6,LIM-1-2,LIM-1-2-8;LIM-1-2-5;OSC-1-4-2;LIM-1-2,23-520-45217-ff-1-1,LIM-1-1,afc-75de1-c0,2019/09/04,23-520-45217-ff-1-2
afc-75de1-c0,520-45217-ff,23,1,2,6,LIM-1-2,LIM-1-2-8;LIM-1-2-5;OSC-1-4-2;LIM-1-2,23-520-45217-ff-1-1,LIM-1-1,afc-75de1-c0,2019/09/04,23-520-45217-ff-1-2
afc-75de1-c0,520-45217-ff,23,1,2,6,LIM-1-2,LIM-1-2-8;LIM-1-2-5;OSC-1-4-2;LIM-1-2,23-520-45217-ff-1-1,LIM-1-1,afc-75de1-c0,2019/09/04,23-520-45217-ff-1-2
afc-75de1-c0,520-45217-ff,23,1,1,7,LIM-1-1,LIM-1-1-8;LIM-1-1-5;OSC-1-4-1;LIM-1-1,22-5ae-69c45-f8-1-1,,afc-75de1-c0,2019/09/04,23-520-45217-ff-1-1
afc-75de1-c0,520-45217-ff,23,1,1,7,LIM-1-1,LIM-1-1-8;LIM-1-1-5;OSC-1-4-1;LIM-1-1,23-520-45217-ff-1-2,LIM-1-2,afc-75de1-c0,2019/09/04,23-520-45217-ff-1-1
afc-75de1-c0,520-45217-ff,23,1,1,7,LIM-1-1,LIM-1-1-8;LIM-1-1-5;OSC-1-4-1;LIM-1-1,23-520-45217-ff-1-2,LIM-1-2,afc-75de1-c0,2019/09/04,23-520-45217-ff-1-1
afc-75de1-c0,520-45217-ff,23,1,1,7,LIM-1-1,LIM-1-1-8;LIM-1-1-5;OSC-1-4-1;LIM-1-1,23-520-45217-ff-1-2,LIM-1-2,afc-75de1-c0,2019/09/04,23-520-45217-ff-1-1
886-8b883-12,5a4-b7b35-3f,1,42,8,6,,,32-125-1eceb-0e-41-2,,no value present,2019/09/04,1-5a4-b7b35-3f-42-8
afc-75de1-c0,5ae-69c45-f8,22,1,2,8,LIM-1-2,LIM-1-2-8;LIM-1-2-5;OSC-1-4-2;LIM-1-2,21-e8f-5b50a-c8-2-2,,afc-75de1-c0,2019/09/04,22-5ae-69c45-f8-1-2
afc-75de1-c0,5ae-69c45-f8,22,1,2,8,LIM-1-2,LIM-1-2-8;LIM-1-2-5;OSC-1-4-2;LIM-1-2,22-5ae-69c45-f8-1-1,LIM-1-1,afc-75de1-c0,2019/09/04,22-5ae-69c45-f8-1-2
afc-75de1-c0,5ae-69c45-f8,22,1,2,8,LIM-1-2,LIM-1-2-8;LIM-1-2-5;OSC-1-4-2;LIM-1-2,22-5ae-69c45-f8-1-1,LIM-1-1,afc-75de1-c0,2019/09/04,22-5ae-69c45-f8-1-2
afc-75de1-c0,5ae-69c45-f8,22,1,2,8,LIM-1-2,LIM-1-2-8;LIM-1-2-5;OSC-1-4-2;LIM-1-2,22-5ae-69c45-f8-1-1,LIM-1-1,afc-75de1-c0,2019/09/04,22-5ae-69c45-f8-1-2
afc-75de1-c0,5ae-69c45-f8,22,1,1,9,LIM-1-1,LIM-1-1-8;LIM-1-1-5;OSC-1-4-1;LIM-1-1,21-e8f-5b50a-c8-2-2,,afc-75de1-c0,2019/09/04,22-5ae-69c45-f8-1-1
afc-75de1-c0,5ae-69c45-f8,22,1,1,9,LIM-1-1,LIM-1-1-8;LIM-1-1-5;OSC-1-4-1;LIM-1-1,22-5ae-69c45-f8-1-2,LIM-1-2,afc-75de1-c0,2019/09/04,22-5ae-69c45-f8-1-1
afc-75de1-c0,5ae-69c45-f8,22,1,1,9,LIM-1-1,LIM-1-1-8;LIM-1-1-5;OSC-1-4-1;LIM-1-1,22-5ae-69c45-f8-1-2,LIM-1-2,afc-75de1-c0,2019/09/04,22-5ae-69c45-f8-1-1
afc-75de1-c0,5ae-69c45-f8,22,1,1,9,LIM-1-1,LIM-1-1-8;LIM-1-1-5;OSC-1-4-1;LIM-1-1,22-5ae-69c45-f8-1-2,LIM-1-2,afc-75de1-c0,2019/09/04,22-5ae-69c45-f8-1-1
afc-75de1-c0,5cf-022cb-bc,24,1,2,4,LIM-1-2,LIM-1-2-8;LIM-1-2-5;OSC-1-4-2;LIM-1-2,23-520-45217-ff-1-1,,afc-75de1-c0,2019/09/04,24-5cf-022cb-bc-1-2
afc-75de1-c0,5cf-022cb-bc,24,1,2,4,LIM-1-2,LIM-1-2-8;LIM-1-2-5;OSC-1-4-2;LIM-1-2,24-5cf-022cb-bc-1-1,LIM-1-1,afc-75de1-c0,2019/09/04,24-5cf-022cb-bc-1-2
afc-75de1-c0,5cf-022cb-bc,24,1,2,4,LIM-1-2,LIM-1-2-8;LIM-1-2-5;OSC-1-4-2;LIM-1-2,24-5cf-022cb-bc-1-1,LIM-1-1,afc-75de1-c0,2019/09/04,24-5cf-022cb-bc-1-2
afc-75de1-c0,5cf-022cb-bc,24,1,2,4,LIM-1-2,LIM-1-2-8;LIM-1-2-5;OSC-1-4-2;LIM-1-2,24-5cf-022cb-bc-1-1,LIM-1-1,afc-75de1-c0,2019/09/04,24-5cf-022cb-bc-1-2
afc-75de1-c0,5cf-022cb-bc,24,1,1,5,LIM-1-1,LIM-1-1-8;LIM-1-1-5;OSC-1-4-1;LIM-1-1,23-520-45217-ff-1-1,,afc-75de1-c0,2019/09/04,24-5cf-022cb-bc-1-1
afc-75de1-c0,5cf-022cb-bc,24,1,1,5,LIM-1-1,LIM-1-1-8;LIM-1-1-5;OSC-1-4-1;LIM-1-1,24-5cf-022cb-bc-1-2,LIM-1-2,afc-75de1-c0,2019/09/04,24-5cf-022cb-bc-1-1
afc-75de1-c0,5cf-022cb-bc,24,1,1,5,LIM-1-1,LIM-1-1-8;LIM-1-1-5;OSC-1-4-1;LIM-1-1,24-5cf-022cb-bc-1-2,LIM-1-2,afc-75de1-c0,2019/09/04,24-5cf-022cb-bc-1-1
afc-75de1-c0,5cf-022cb-bc,24,1,1,5,LIM-1-1,LIM-1-1-8;LIM-1-1-5;OSC-1-4-1;LIM-1-1,24-5cf-022cb-bc-1-2,LIM-1-2,afc-75de1-c0,2019/09/04,24-5cf-022cb-bc-1-1
b7a-22d75-92,607-4a93b-3e,108,4,1,1,LIM-4-22,LIM-4-22-8;LIM-4-22-5;OSC-4-21-1;LIM-4-22;CMD44-4-51;CMD44-4-52;WSSOPM-4-26;LIM-4-25;DSCM-4-63,29-4f1-8880c-75-1-1,,b7a-22d75-92,2019/09/04,108-607-4a93b-3e-4-1
b7a-22d75-92,607-4a93b-3e,108,4,1,1,LIM-4-22,LIM-4-22-8;LIM-4-22-5;OSC-4-21-1;LIM-4-22;CMD44-4-51;CMD44-4-52;WSSOPM-4-26;LIM-4-25;DSCM-4-63,108-607-4a93b-3e-5-12,LIM-5-24,90e-7e992-b1,2019/09/04,108-607-4a93b-3e-4-1
b7a-22d75-92,607-4a93b-3e,108,4,1,1,LIM-4-22,LIM-4-22-8;LIM-4-22-5;OSC-4-21-1;LIM-4-22;CMD44-4-51;CMD44-4-52;WSSOPM-4-26;LIM-4-25;DSCM-4-63,108-607-4a93b-3e-5-12,LIM-5-24,90e-7e992-b1,2019/09/04,108-607-4a93b-3e-4-1
b7a-22d75-92,607-4a93b-3e,108,4,1,1,LIM-4-22,LIM-4-22-8;LIM-4-22-5;OSC-4-21-1;LIM-4-22;CMD44-4-51;CMD44-4-52;WSSOPM-4-26;LIM-4-25;DSCM-4-63,108-607-4a93b-3e-5-12,LIM-5-24,90e-7e992-b1,2019/09/04,108-607-4a93b-3e-4-1
90e-7e992-b1,607-4a93b-3e,108,5,12,2,LIM-5-24,LIM-5-24-8;LIM-5-24-5;LIM-5-24;CMD44-5-51;CMD44-5-52;WSSOPM-5-27;BMD-5-55;BMD-5-57;LIM-5-23,109-3ba-b0f8b-72-9-11,,no value present,2019/09/04,108-607-4a93b-3e-5-12
90e-7e992-b1,607-4a93b-3e,108,5,12,2,LIM-5-24,LIM-5-24-8;LIM-5-24-5;LIM-5-24;CMD44-5-51;CMD44-5-52;WSSOPM-5-27;BMD-5-55;BMD-5-57;LIM-5-23,108-607-4a93b-3e-4-1,LIM-4-22,b7a-22d75-92,2019/09/04,108-607-4a93b-3e-5-12
90e-7e992-b1,607-4a93b-3e,108,5,12,2,LIM-5-24,LIM-5-24-8;LIM-5-24-5;LIM-5-24;CMD44-5-51;CMD44-5-52;WSSOPM-5-27;BMD-5-55;BMD-5-57;LIM-5-23,108-607-4a93b-3e-4-1,LIM-4-22,b7a-22d75-92,2019/09/04,108-607-4a93b-3e-5-12
90e-7e992-b1,607-4a93b-3e,108,5,12,2,LIM-5-24,LIM-5-24-8;LIM-5-24-5;LIM-5-24;CMD44-5-51;CMD44-5-52;WSSOPM-5-27;BMD-5-55;BMD-5-57;LIM-5-23,108-607-4a93b-3e-4-1,LIM-4-22,b7a-22d75-92,2019/09/04,108-607-4a93b-3e-5-12
db7-10189-bd,607-4a93b-3e,108,1,4,2,LIM-1-24,LIM-1-24-8;LIM-1-24-5;LIM-1-24;CMD44-1-51;CMD44-1-52;WSSOPM-1-26;BMD-1-57;LIM-1-25;SLIC-1-31,109-041-7c224-89-2-1,,db7-10189-bd,2019/09/04,108-607-4a93b-3e-1-4
db7-10189-bd,607-4a93b-3e,108,1,4,2,LIM-1-24,LIM-1-24-8;LIM-1-24-5;LIM-1-24;CMD44-1-51;CMD44-1-52;WSSOPM-1-26;BMD-1-57;LIM-1-25;SLIC-1-31,108-607-4a93b-3e-4-1,LIM-4-22,b7a-22d75-92,2019/09/04,108-607-4a93b-3e-1-4
db7-10189-bd,607-4a93b-3e,108,1,4,2,LIM-1-24,LIM-1-24-8;LIM-1-24-5;LIM-1-24;CMD44-1-51;CMD44-1-52;WSSOPM-1-26;BMD-1-57;LIM-1-25;SLIC-1-31,108-607-4a93b-3e-4-1,LIM-4-22,b7a-22d75-92,2019/09/04,108-607-4a93b-3e-1-4
db7-10189-bd,607-4a93b-3e,108,1,4,2,LIM-1-24,LIM-1-24-8;LIM-1-24-5;LIM-1-24;CMD44-1-51;CMD44-1-52;WSSOPM-1-26;BMD-1-57;LIM-1-25;SLIC-1-31,108-607-4a93b-3e-4-1,LIM-4-22,b7a-22d75-92,2019/09/04,108-607-4a93b-3e-1-4
971-e0858-8d,619-50376-85,17,41,3,4,,,18-2a7-17904-98-41-2,,no value present,2019/09/04,17-619-50376-85-41-3
971-e0858-8d,619-50376-85,17,41,3,4,,,17-619-50376-85-41-2,,971-e0858-8d,2019/09/04,17-619-50376-85-41-3
971-e0858-8d,619-50376-85,17,41,3,4,,,17-619-50376-85-41-2,,971-e0858-8d,2019/09/04,17-619-50376-85-41-3
971-e0858-8d,619-50376-85,17,41,3,4,,,17-619-50376-85-41-2,,971-e0858-8d,2019/09/04,17-619-50376-85-41-3
971-e0858-8d,619-50376-85,17,41,2,5,,,18-2a7-17904-98-41-2,,no value present,2019/09/04,17-619-50376-85-41-2
971-e0858-8d,619-50376-85,17,41,2,5,,,17-619-50376-85-41-3,,971-e0858-8d,2019/09/04,17-619-50376-85-41-2
971-e0858-8d,619-50376-85,17,41,2,5,,,17-619-50376-85-41-3,,971-e0858-8d,2019/09/04,17-619-50376-85-41-2
971-e0858-8d,619-50376-85,17,41,2,5,,,17-619-50376-85-41-3,,971-e0858-8d,2019/09/04,17-619-50376-85-41-2
271-2a66c-4a,638-f8053-c9,100,21,4,2,LIM-21-24,LIM-21-24-8;ISS-21-22-3;LIM-21-24;WSSOPM-21-27;BMD-21-55;BMD-21-57;LIM-21-23;ISS-21-22,101-b8d-bc4c5-27-21-1,,no value present,2019/09/04,100-638-f8053-c9-21-4
271-2a66c-4a,638-f8053-c9,100,21,4,2,LIM-21-24,LIM-21-24-8;ISS-21-22-3;LIM-21-24;WSSOPM-21-27;BMD-21-55;BMD-21-57;LIM-21-23;ISS-21-22,100-638-f8053-c9-21-1,LIM-21-36,ce5-53ab8-1a,2019/09/04,100-638-f8053-c9-21-4
271-2a66c-4a,638-f8053-c9,100,21,4,2,LIM-21-24,LIM-21-24-8;ISS-21-22-3;LIM-21-24;WSSOPM-21-27;BMD-21-55;BMD-21-57;LIM-21-23;ISS-21-22,100-638-f8053-c9-21-1,LIM-21-36,ce5-53ab8-1a,2019/09/04,100-638-f8053-c9-21-4
271-2a66c-4a,638-f8053-c9,100,21,4,2,LIM-21-24,LIM-21-24-8;ISS-21-22-3;LIM-21-24;WSSOPM-21-27;BMD-21-55;BMD-21-57;LIM-21-23;ISS-21-22,100-638-f8053-c9-21-1,LIM-21-36,ce5-53ab8-1a,2019/09/04,100-638-f8053-c9-21-4
ce5-53ab8-1a,638-f8053-c9,100,21,1,1,LIM-21-36,LIM-21-36-8;LIM-21-36-5;OSC-21-37-1;LIM-21-36;WSSOPM-21-31,110-085-4f750-73-22-4,,no value present,2019/09/04,100-638-f8053-c9-21-1
ce5-53ab8-1a,638-f8053-c9,100,21,1,1,LIM-21-36,LIM-21-36-8;LIM-21-36-5;OSC-21-37-1;LIM-21-36;WSSOPM-21-31,100-638-f8053-c9-21-4,LIM-21-24,271-2a66c-4a,2019/09/04,100-638-f8053-c9-21-1
ce5-53ab8-1a,638-f8053-c9,100,21,1,1,LIM-21-36,LIM-21-36-8;LIM-21-36-5;OSC-21-37-1;LIM-21-36;WSSOPM-21-31,100-638-f8053-c9-21-4,LIM-21-24,271-2a66c-4a,2019/09/04,100-638-f8053-c9-21-1
ce5-53ab8-1a,638-f8053-c9,100,21,1,1,LIM-21-36,LIM-21-36-8;LIM-21-36-5;OSC-21-37-1;LIM-21-36;WSSOPM-21-31,100-638-f8053-c9-21-4,LIM-21-24,271-2a66c-4a,2019/09/04,100-638-f8053-c9-21-1
014-73fda-71,642-15727-b8,3,4,4,8,LIM-4-2,LIM-4-2-8;LIM-4-2-5;OSC-4-4-21;LIM-4-2;GMD-4-4;CMD8-4-5;CMD8-4-6;CMD8-4-7,35-e69-ef966-a8-1-1,,014-73fda-71,2019/09/04,3-642-15727-b8-4-4
afc-75de1-c0,64a-a9f8d-df,21,1,1,11,LIM-1-2,STO-TERM2-2-1;LIM-1-2-8;LIM-1-2-5;OSC-1-4-21;LIM-1-2;GMD-1-4,21-e8f-5b50a-c8-2-2,,afc-75de1-c0,2019/09/04,21-64a-a9f8d-df-1-1
4ec-ccae1-3e,651-f4b84-21,11,41,1,1,,,10-7e5-7168f-b0-41-2,,no value present,2019/09/04,11-651-f4b84-21-41-1
4ec-ccae1-3e,651-f4b84-21,11,41,1,1,,,11-651-f4b84-21-41-4,,971-e0858-8d,2019/09/04,11-651-f4b84-21-41-1
4ec-ccae1-3e,651-f4b84-21,11,41,1,1,,,11-651-f4b84-21-41-4,,971-e0858-8d,2019/09/04,11-651-f4b84-21-41-1
4ec-ccae1-3e,651-f4b84-21,11,41,1,1,,,11-651-f4b84-21-41-4,,971-e0858-8d,2019/09/04,11-651-f4b84-21-41-1
971-e0858-8d,651-f4b84-21,11,41,4,16,,,12-769-e3574-23-41-2,,no value present,2019/09/04,11-651-f4b84-21-41-4
971-e0858-8d,651-f4b84-21,11,41,4,16,,,11-651-f4b84-21-41-1,,4ec-ccae1-3e,2019/09/04,11-651-f4b84-21-41-4
971-e0858-8d,651-f4b84-21,11,41,4,16,,,11-651-f4b84-21-41-1,,4ec-ccae1-3e,2019/09/04,11-651-f4b84-21-41-4
971-e0858-8d,651-f4b84-21,11,41,4,16,,,11-651-f4b84-21-41-1,,4ec-ccae1-3e,2019/09/04,11-651-f4b84-21-41-4
afc-75de1-c0,695-aa77b-8f,17,2,2,18,LIM-2-2,BIG-CDGFF1-1-1;LIM-2-2-8;LIM-2-2-5;OSC-2-4-21;LIM-2-2;GMD-2-4,17-4a2-3985c-eb-1-1,,afc-75de1-c0,2019/09/04,17-695-aa77b-8f-2-2
971-e0858-8d,6a6-6d503-f5,15,41,3,8,,,16-995-a5056-33-41-2,,no value present,2019/09/04,15-6a6-6d503-f5-41-3
971-e0858-8d,6a6-6d503-f5,15,41,3,8,,,15-6a6-6d503-f5-41-2,,971-e0858-8d,2019/09/04,15-6a6-6d503-f5-41-3
971-e0858-8d,6a6-6d503-f5,15,41,3,8,,,15-6a6-6d503-f5-41-2,,971-e0858-8d,2019/09/04,15-6a6-6d503-f5-41-3
971-e0858-8d,6a6-6d503-f5,15,41,3,8,,,15-6a6-6d503-f5-41-2,,971-e0858-8d,2019/09/04,15-6a6-6d503-f5-41-3
971-e0858-8d,6a6-6d503-f5,15,41,2,9,,,16-995-a5056-33-41-2,,no value present,2019/09/04,15-6a6-6d503-f5-41-2
971-e0858-8d,6a6-6d503-f5,15,41,2,9,,,15-6a6-6d503-f5-41-3,,971-e0858-8d,2019/09/04,15-6a6-6d503-f5-41-2
971-e0858-8d,6a6-6d503-f5,15,41,2,9,,,15-6a6-6d503-f5-41-3,,971-e0858-8d,2019/09/04,15-6a6-6d503-f5-41-2
971-e0858-8d,6a6-6d503-f5,15,41,2,9,,,15-6a6-6d503-f5-41-3,,971-e0858-8d,2019/09/04,15-6a6-6d503-f5-41-2
636-67923-96,6f8-64e93-88,110,5,2,2,LIM-5-24,LIM-5-24-8;ISS-5-22-3;LIM-5-24;WSSOPM-5-27;BMD-5-55;BMD-5-57;LIM-5-23;ISS-5-22,109-3ba-b0f8b-72-10-1,,no value present,2019/09/04,110-6f8-64e93-88-5-2
636-67923-96,6f8-64e93-88,110,5,2,2,LIM-5-24,LIM-5-24-8;ISS-5-22-3;LIM-5-24;WSSOPM-5-27;BMD-5-55;BMD-5-57;LIM-5-23;ISS-5-22,110-6f8-64e93-88-1-4,LIM-1-2,c45-bec97-ac,2019/09/04,110-6f8-64e93-88-5-2
636-67923-96,6f8-64e93-88,110,5,2,2,LIM-5-24,LIM-5-24-8;ISS-5-22-3;LIM-5-24;WSSOPM-5-27;BMD-5-55;BMD-5-57;LIM-5-23;ISS-5-22,110-6f8-64e93-88-1-4,LIM-1-2,c45-bec97-ac,2019/09/04,110-6f8-64e93-88-5-2
636-67923-96,6f8-64e93-88,110,5,2,2,LIM-5-24,LIM-5-24-8;ISS-5-22-3;LIM-5-24;WSSOPM-5-27;BMD-5-55;BMD-5-57;LIM-5-23;ISS-5-22,110-6f8-64e93-88-1-4,LIM-1-2,c45-bec97-ac,2019/09/04,110-6f8-64e93-88-5-2
c45-bec97-ac,6f8-64e93-88,110,1,4,2,LIM-1-2,LIM-1-2-8;LIM-1-2-5;OSC-1-1-1;LIM-1-2;CMD44-1-84;CMD44-1-83;WSSOPM-1-3,100-f27-6a61c-a9-1-1,,c45-bec97-ac,2019/09/04,110-6f8-64e93-88-1-4
c45-bec97-ac,6f8-64e93-88,110,1,4,2,LIM-1-2,LIM-1-2-8;LIM-1-2-5;OSC-1-1-1;LIM-1-2;CMD44-1-84;CMD44-1-83;WSSOPM-1-3,110-6f8-64e93-88-5-2,LIM-5-24,636-67923-96,2019/09/04,110-6f8-64e93-88-1-4
c45-bec97-ac,6f8-64e93-88,110,1,4,2,LIM-1-2,LIM-1-2-8;LIM-1-2-5;OSC-1-1-1;LIM-1-2;CMD44-1-84;CMD44-1-83;WSSOPM-1-3,110-6f8-64e93-88-5-2,LIM-5-24,636-67923-96,2019/09/04,110-6f8-64e93-88-1-4
c45-bec97-ac,6f8-64e93-88,110,1,4,2,LIM-1-2,LIM-1-2-8;LIM-1-2-5;OSC-1-1-1;LIM-1-2;CMD44-1-84;CMD44-1-83;WSSOPM-1-3,110-6f8-64e93-88-5-2,LIM-5-24,636-67923-96,2019/09/04,110-6f8-64e93-88-1-4
014-73fda-71,766-f3051-d7,36,1,2,4,LIM-1-2,LIM-1-2-8;LIM-1-2-5;OSC-1-4-2;LIM-1-2,35-e69-ef966-a8-1-1,,014-73fda-71,2019/09/04,36-766-f3051-d7-1-2
014-73fda-71,766-f3051-d7,36,1,2,4,LIM-1-2,LIM-1-2-8;LIM-1-2-5;OSC-1-4-2;LIM-1-2,36-766-f3051-d7-1-1,LIM-1-1,014-73fda-71,2019/09/04,36-766-f3051-d7-1-2
014-73fda-71,766-f3051-d7,36,1,2,4,LIM-1-2,LIM-1-2-8;LIM-1-2-5;OSC-1-4-2;LIM-1-2,36-766-f3051-d7-1-1,LIM-1-1,014-73fda-71,2019/09/04,36-766-f3051-d7-1-2
014-73fda-71,766-f3051-d7,36,1,2,4,LIM-1-2,LIM-1-2-8;LIM-1-2-5;OSC-1-4-2;LIM-1-2,36-766-f3051-d7-1-1,LIM-1-1,014-73fda-71,2019/09/04,36-766-f3051-d7-1-2
014-73fda-71,766-f3051-d7,36,1,1,5,LIM-1-1,LIM-1-1-8;LIM-1-1-5;OSC-1-4-1;LIM-1-1,35-e69-ef966-a8-1-1,,014-73fda-71,2019/09/04,36-766-f3051-d7-1-1
014-73fda-71,766-f3051-d7,36,1,1,5,LIM-1-1,LIM-1-1-8;LIM-1-1-5;OSC-1-4-1;LIM-1-1,36-766-f3051-d7-1-2,LIM-1-2,014-73fda-71,2019/09/04,36-766-f3051-d7-1-1
014-73fda-71,766-f3051-d7,36,1,1,5,LIM-1-1,LIM-1-1-8;LIM-1-1-5;OSC-1-4-1;LIM-1-1,36-766-f3051-d7-1-2,LIM-1-2,014-73fda-71,2019/09/04,36-766-f3051-d7-1-1
014-73fda-71,766-f3051-d7,36,1,1,5,LIM-1-1,LIM-1-1-8;LIM-1-1-5;OSC-1-4-1;LIM-1-1,36-766-f3051-d7-1-2,LIM-1-2,014-73fda-71,2019/09/04,36-766-f3051-d7-1-1
161-c1321-0a,771-d6a33-37,101,22,8,2,LIM-22-23,LIM-22-23-8;LIM-22-23-5;OSC-22-22-1;LIM-22-23;WSSOPM-22-27,112-c14-53b44-85-21-5,,no value present,2019/09/04,101-771-d6a33-37-22-8
161-c1321-0a,771-d6a33-37,101,22,8,2,LIM-22-23,LIM-22-23-8;LIM-22-23-5;OSC-22-22-1;LIM-22-23;WSSOPM-22-27,101-771-d6a33-37-21-1,LIM-21-24,271-2a66c-4a,2019/09/04,101-771-d6a33-37-22-8
161-c1321-0a,771-d6a33-37,101,22,8,2,LIM-22-23,LIM-22-23-8;LIM-22-23-5;OSC-22-22-1;LIM-22-23;WSSOPM-22-27,101-771-d6a33-37-21-1,LIM-21-24,271-2a66c-4a,2019/09/04,101-771-d6a33-37-22-8
161-c1321-0a,771-d6a33-37,101,22,8,2,LIM-22-23,LIM-22-23-8;LIM-22-23-5;OSC-22-22-1;LIM-22-23;WSSOPM-22-27,101-771-d6a33-37-21-1,LIM-21-24,271-2a66c-4a,2019/09/04,101-771-d6a33-37-22-8
271-2a66c-4a,771-d6a33-37,101,21,1,1,LIM-21-24,LIM-21-24-8;ISS-21-22-3;LIM-21-24;WSSOPM-21-27;BMD-21-55;BMD-21-57;LIM-21-23;ISS-21-22,100-aea-a5a49-92-21-4,,no value present,2019/09/04,101-771-d6a33-37-21-1
271-2a66c-4a,771-d6a33-37,101,21,1,1,LIM-21-24,LIM-21-24-8;ISS-21-22-3;LIM-21-24;WSSOPM-21-27;BMD-21-55;BMD-21-57;LIM-21-23;ISS-21-22,101-771-d6a33-37-22-8,LIM-22-23,161-c1321-0a,2019/09/04,101-771-d6a33-37-21-1
271-2a66c-4a,771-d6a33-37,101,21,1,1,LIM-21-24,LIM-21-24-8;ISS-21-22-3;LIM-21-24;WSSOPM-21-27;BMD-21-55;BMD-21-57;LIM-21-23;ISS-21-22,101-771-d6a33-37-22-8,LIM-22-23,161-c1321-0a,2019/09/04,101-771-d6a33-37-21-1
271-2a66c-4a,771-d6a33-37,101,21,1,1,LIM-21-24,LIM-21-24-8;ISS-21-22-3;LIM-21-24;WSSOPM-21-27;BMD-21-55;BMD-21-57;LIM-21-23;ISS-21-22,101-771-d6a33-37-22-8,LIM-22-23,161-c1321-0a,2019/09/04,101-771-d6a33-37-21-1
902-bdf51-74,783-faab5-ec,110,21,1,1,LIM-21-24,LIM-21-24-8;ISS-21-22-3;LIM-21-24;WSSOPM-21-27;BMD-21-55;BMD-21-57;LIM-21-23;ISS-21-22;SLIC-21-25,109-225-ee35a-f3-21-4,,no value present,2019/09/04,110-783-faab5-ec-21-1
902-bdf51-74,783-faab5-ec,110,21,1,1,LIM-21-24,LIM-21-24-8;ISS-21-22-3;LIM-21-24;WSSOPM-21-27;BMD-21-55;BMD-21-57;LIM-21-23;ISS-21-22;SLIC-21-25,110-783-faab5-ec-22-4,LIM-22-23,ce5-53ab8-1a,2019/09/04,110-783-faab5-ec-21-1
902-bdf51-74,783-faab5-ec,110,21,1,1,LIM-21-24,LIM-21-24-8;ISS-21-22-3;LIM-21-24;WSSOPM-21-27;BMD-21-55;BMD-21-57;LIM-21-23;ISS-21-22;SLIC-21-25,110-783-faab5-ec-22-4,LIM-22-23,ce5-53ab8-1a,2019/09/04,110-783-faab5-ec-21-1
902-bdf51-74,783-faab5-ec,110,21,1,1,LIM-21-24,LIM-21-24-8;ISS-21-22-3;LIM-21-24;WSSOPM-21-27;BMD-21-55;BMD-21-57;LIM-21-23;ISS-21-22;SLIC-21-25,110-783-faab5-ec-22-4,LIM-22-23,ce5-53ab8-1a,2019/09/04,110-783-faab5-ec-21-1
ce5-53ab8-1a,783-faab5-ec,110,22,4,2,LIM-22-23,LIM-22-23-8;LIM-22-23-5;OSC-22-22-1;LIM-22-23;WSSOPM-22-27,100-aea-a5a49-92-21-1,,no value present,2019/09/04,110-783-faab5-ec-22-4
ce5-53ab8-1a,783-faab5-ec,110,22,4,2,LIM-22-23,LIM-22-23-8;LIM-22-23-5;OSC-22-22-1;LIM-22-23;WSSOPM-22-27,110-783-faab5-ec-21-1,LIM-21-24,902-bdf51-74,2019/09/04,110-783-faab5-ec-22-4
ce5-53ab8-1a,783-faab5-ec,110,22,4,2,LIM-22-23,LIM-22-23-8;LIM-22-23-5;OSC-22-22-1;LIM-22-23;WSSOPM-22-27,110-783-faab5-ec-21-1,LIM-21-24,902-bdf51-74,2019/09/04,110-783-faab5-ec-22-4
ce5-53ab8-1a,783-faab5-ec,110,22,4,2,LIM-22-23,LIM-22-23-8;LIM-22-23-5;OSC-22-22-1;LIM-22-23;WSSOPM-22-27,110-783-faab5-ec-21-1,LIM-21-24,902-bdf51-74,2019/09/04,110-783-faab5-ec-22-4
b7a-22d75-92,7ac-d48b3-2b,27,1,2,6,LIM-1-2,LIM-1-2-8;LIM-1-2-5;OSC-1-4-2;LIM-1-2,26-a17-65464-e5-14-2,,no value present,2019/09/04,27-7ac-d48b3-2b-1-2
b7a-22d75-92,7ac-d48b3-2b,27,1,2,6,LIM-1-2,LIM-1-2-8;LIM-1-2-5;OSC-1-4-2;LIM-1-2,27-7ac-d48b3-2b-1-1,LIM-1-1,b7a-22d75-92,2019/09/04,27-7ac-d48b3-2b-1-2
b7a-22d75-92,7ac-d48b3-2b,27,1,2,6,LIM-1-2,LIM-1-2-8;LIM-1-2-5;OSC-1-4-2;LIM-1-2,27-7ac-d48b3-2b-1-1,LIM-1-1,b7a-22d75-92,2019/09/04,27-7ac-d48b3-2b-1-2
b7a-22d75-92,7ac-d48b3-2b,27,1,2,6,LIM-1-2,LIM-1-2-8;LIM-1-2-5;OSC-1-4-2;LIM-1-2,27-7ac-d48b3-2b-1-1,LIM-1-1,b7a-22d75-92,2019/09/04,27-7ac-d48b3-2b-1-2
b7a-22d75-92,7ac-d48b3-2b,27,1,1,7,LIM-1-1,LIM-1-1-8;LIM-1-1-5;OSC-1-4-1;LIM-1-1,26-a17-65464-e5-14-2,,no value present,2019/09/04,27-7ac-d48b3-2b-1-1
b7a-22d75-92,7ac-d48b3-2b,27,1,1,7,LIM-1-1,LIM-1-1-8;LIM-1-1-5;OSC-1-4-1;LIM-1-1,27-7ac-d48b3-2b-1-2,LIM-1-2,b7a-22d75-92,2019/09/04,27-7ac-d48b3-2b-1-1
b7a-22d75-92,7ac-d48b3-2b,27,1,1,7,LIM-1-1,LIM-1-1-8;LIM-1-1-5;OSC-1-4-1;LIM-1-1,27-7ac-d48b3-2b-1-2,LIM-1-2,b7a-22d75-92,2019/09/04,27-7ac-d48b3-2b-1-1
b7a-22d75-92,7ac-d48b3-2b,27,1,1,7,LIM-1-1,LIM-1-1-8;LIM-1-1-5;OSC-1-4-1;LIM-1-1,27-7ac-d48b3-2b-1-2,LIM-1-2,b7a-22d75-92,2019/09/04,27-7ac-d48b3-2b-1-1
4ec-ccae1-3e,7cf-ab042-22,9,41,3,4,,,10-7e5-7168f-b0-41-2,,no value present,2019/09/04,9-7cf-ab042-22-41-3
4ec-ccae1-3e,7cf-ab042-22,9,41,3,4,,,9-7cf-ab042-22-41-2,,4ec-ccae1-3e,2019/09/04,9-7cf-ab042-22-41-3
4ec-ccae1-3e,7cf-ab042-22,9,41,3,4,,,9-7cf-ab042-22-41-2,,4ec-ccae1-3e,2019/09/04,9-7cf-ab042-22-41-3
4ec-ccae1-3e,7cf-ab042-22,9,41,3,4,,,9-7cf-ab042-22-41-2,,4ec-ccae1-3e,2019/09/04,9-7cf-ab042-22-41-3
4ec-ccae1-3e,7cf-ab042-22,9,41,2,5,,,10-7e5-7168f-b0-41-2,,no value present,2019/09/04,9-7cf-ab042-22-41-2
4ec-ccae1-3e,7cf-ab042-22,9,41,2,5,,,9-7cf-ab042-22-41-3,,4ec-ccae1-3e,2019/09/04,9-7cf-ab042-22-41-2
4ec-ccae1-3e,7cf-ab042-22,9,41,2,5,,,9-7cf-ab042-22-41-3,,4ec-ccae1-3e,2019/09/04,9-7cf-ab042-22-41-2
4ec-ccae1-3e,7cf-ab042-22,9,41,2,5,,,9-7cf-ab042-22-41-3,,4ec-ccae1-3e,2019/09/04,9-7cf-ab042-22-41-2
afc-75de1-c0,7e2-d1bf8-f0,18,1,2,16,LIM-1-2,LIM-1-2-8;LIM-1-2-5;OSC-1-4-2;LIM-1-2,17-695-aa77b-8f-2-2,,afc-75de1-c0,2019/09/04,18-7e2-d1bf8-f0-1-2
afc-75de1-c0,7e2-d1bf8-f0,18,1,2,16,LIM-1-2,LIM-1-2-8;LIM-1-2-5;OSC-1-4-2;LIM-1-2,18-7e2-d1bf8-f0-1-1,LIM-1-1,afc-75de1-c0,2019/09/04,18-7e2-d1bf8-f0-1-2
afc-75de1-c0,7e2-d1bf8-f0,18,1,2,16,LIM-1-2,LIM-1-2-8;LIM-1-2-5;OSC-1-4-2;LIM-1-2,18-7e2-d1bf8-f0-1-1,LIM-1-1,afc-75de1-c0,2019/09/04,18-7e2-d1bf8-f0-1-2
afc-75de1-c0,7e2-d1bf8-f0,18,1,2,16,LIM-1-2,LIM-1-2-8;LIM-1-2-5;OSC-1-4-2;LIM-1-2,18-7e2-d1bf8-f0-1-1,LIM-1-1,afc-75de1-c0,2019/09/04,18-7e2-d1bf8-f0-1-2
afc-75de1-c0,7e2-d1bf8-f0,18,1,1,17,LIM-1-1,LIM-1-1-8;LIM-1-1-5;OSC-1-4-1;LIM-1-1,17-695-aa77b-8f-2-2,,afc-75de1-c0,2019/09/04,18-7e2-d1bf8-f0-1-1
afc-75de1-c0,7e2-d1bf8-f0,18,1,1,17,LIM-1-1,LIM-1-1-8;LIM-1-1-5;OSC-1-4-1;LIM-1-1,18-7e2-d1bf8-f0-1-2,LIM-1-2,afc-75de1-c0,2019/09/04,18-7e2-d1bf8-f0-1-1
afc-75de1-c0,7e2-d1bf8-f0,18,1,1,17,LIM-1-1,LIM-1-1-8;LIM-1-1-5;OSC-1-4-1;LIM-1-1,18-7e2-d1bf8-f0-1-2,LIM-1-2,afc-75de1-c0,2019/09/04,18-7e2-d1bf8-f0-1-1
afc-75de1-c0,7e2-d1bf8-f0,18,1,1,17,LIM-1-1,LIM-1-1-8;LIM-1-1-5;OSC-1-4-1;LIM-1-1,18-7e2-d1bf8-f0-1-2,LIM-1-2,afc-75de1-c0,2019/09/04,18-7e2-d1bf8-f0-1-1
afc-75de1-c0,801-8de27-6b,12,1,2,28,LIM-1-2,LIM-1-2-8;LIM-1-2-5;OSC-1-4-2;LIM-1-2,11-439-8550f-8f-1-1,,afc-75de1-c0,2019/09/04,12-801-8de27-6b-1-2
afc-75de1-c0,801-8de27-6b,12,1,2,28,LIM-1-2,LIM-1-2-8;LIM-1-2-5;OSC-1-4-2;LIM-1-2,12-801-8de27-6b-1-1,LIM-1-1,afc-75de1-c0,2019/09/04,12-801-8de27-6b-1-2
afc-75de1-c0,801-8de27-6b,12,1,2,28,LIM-1-2,LIM-1-2-8;LIM-1-2-5;OSC-1-4-2;LIM-1-2,12-801-8de27-6b-1-1,LIM-1-1,afc-75de1-c0,2019/09/04,12-801-8de27-6b-1-2
afc-75de1-c0,801-8de27-6b,12,1,2,28,LIM-1-2,LIM-1-2-8;LIM-1-2-5;OSC-1-4-2;LIM-1-2,12-801-8de27-6b-1-1,LIM-1-1,afc-75de1-c0,2019/09/04,12-801-8de27-6b-1-2
afc-75de1-c0,801-8de27-6b,12,1,1,29,LIM-1-1,LIM-1-1-8;LIM-1-1-5;OSC-1-4-1;LIM-1-1,11-439-8550f-8f-1-1,,afc-75de1-c0,2019/09/04,12-801-8de27-6b-1-1
afc-75de1-c0,801-8de27-6b,12,1,1,29,LIM-1-1,LIM-1-1-8;LIM-1-1-5;OSC-1-4-1;LIM-1-1,12-801-8de27-6b-1-2,LIM-1-2,afc-75de1-c0,2019/09/04,12-801-8de27-6b-1-1
afc-75de1-c0,801-8de27-6b,12,1,1,29,LIM-1-1,LIM-1-1-8;LIM-1-1-5;OSC-1-4-1;LIM-1-1,12-801-8de27-6b-1-2,LIM-1-2,afc-75de1-c0,2019/09/04,12-801-8de27-6b-1-1
afc-75de1-c0,801-8de27-6b,12,1,1,29,LIM-1-1,LIM-1-1-8;LIM-1-1-5;OSC-1-4-1;LIM-1-1,12-801-8de27-6b-1-2,LIM-1-2,afc-75de1-c0,2019/09/04,12-801-8de27-6b-1-1
afc-75de1-c0,819-c2966-35,25,1,2,2,LIM-1-2,LIM-1-2-8;LIM-1-2-5;OSC-1-4-2;LIM-1-2,24-5cf-022cb-bc-1-1,,afc-75de1-c0,2019/09/04,25-819-c2966-35-1-2
afc-75de1-c0,819-c2966-35,25,1,2,2,LIM-1-2,LIM-1-2-8;LIM-1-2-5;OSC-1-4-2;LIM-1-2,25-819-c2966-35-1-1,LIM-1-1,afc-75de1-c0,2019/09/04,25-819-c2966-35-1-2
afc-75de1-c0,819-c2966-35,25,1,2,2,LIM-1-2,LIM-1-2-8;LIM-1-2-5;OSC-1-4-2;LIM-1-2,25-819-c2966-35-1-1,LIM-1-1,afc-75de1-c0,2019/09/04,25-819-c2966-35-1-2
afc-75de1-c0,819-c2966-35,25,1,2,2,LIM-1-2,LIM-1-2-8;LIM-1-2-5;OSC-1-4-2;LIM-1-2,25-819-c2966-35-1-1,LIM-1-1,afc-75de1-c0,2019/09/04,25-819-c2966-35-1-2
afc-75de1-c0,819-c2966-35,25,1,1,3,LIM-1-1,LIM-1-1-8;LIM-1-1-5;OSC-1-4-1;LIM-1-1,24-5cf-022cb-bc-1-1,,afc-75de1-c0,2019/09/04,25-819-c2966-35-1-1
afc-75de1-c0,819-c2966-35,25,1,1,3,LIM-1-1,LIM-1-1-8;LIM-1-1-5;OSC-1-4-1;LIM-1-1,25-819-c2966-35-1-2,LIM-1-2,afc-75de1-c0,2019/09/04,25-819-c2966-35-1-1
afc-75de1-c0,819-c2966-35,25,1,1,3,LIM-1-1,LIM-1-1-8;LIM-1-1-5;OSC-1-4-1;LIM-1-1,25-819-c2966-35-1-2,LIM-1-2,afc-75de1-c0,2019/09/04,25-819-c2966-35-1-1
afc-75de1-c0,819-c2966-35,25,1,1,3,LIM-1-1,LIM-1-1-8;LIM-1-1-5;OSC-1-4-1;LIM-1-1,25-819-c2966-35-1-2,LIM-1-2,afc-75de1-c0,2019/09/04,25-819-c2966-35-1-1
afc-75de1-c0,876-3890b-a7,6,1,2,40,LIM-1-2,LIM-1-2-8;LIM-1-2-5;OSC-1-4-2;LIM-1-2,5-156-18c67-54-1-1,,afc-75de1-c0,2019/09/04,6-876-3890b-a7-1-2
afc-75de1-c0,876-3890b-a7,6,1,2,40,LIM-1-2,LIM-1-2-8;LIM-1-2-5;OSC-1-4-2;LIM-1-2,6-876-3890b-a7-1-1,LIM-1-1,afc-75de1-c0,2019/09/04,6-876-3890b-a7-1-2
afc-75de1-c0,876-3890b-a7,6,1,2,40,LIM-1-2,LIM-1-2-8;LIM-1-2-5;OSC-1-4-2;LIM-1-2,6-876-3890b-a7-1-1,LIM-1-1,afc-75de1-c0,2019/09/04,6-876-3890b-a7-1-2
afc-75de1-c0,876-3890b-a7,6,1,2,40,LIM-1-2,LIM-1-2-8;LIM-1-2-5;OSC-1-4-2;LIM-1-2,6-876-3890b-a7-1-1,LIM-1-1,afc-75de1-c0,2019/09/04,6-876-3890b-a7-1-2
afc-75de1-c0,876-3890b-a7,6,1,1,41,LIM-1-1,LIM-1-1-8;LIM-1-1-5;OSC-1-4-1;LIM-1-1,5-156-18c67-54-1-1,,afc-75de1-c0,2019/09/04,6-876-3890b-a7-1-1
afc-75de1-c0,876-3890b-a7,6,1,1,41,LIM-1-1,LIM-1-1-8;LIM-1-1-5;OSC-1-4-1;LIM-1-1,6-876-3890b-a7-1-2,LIM-1-2,afc-75de1-c0,2019/09/04,6-876-3890b-a7-1-1
afc-75de1-c0,876-3890b-a7,6,1,1,41,LIM-1-1,LIM-1-1-8;LIM-1-1-5;OSC-1-4-1;LIM-1-1,6-876-3890b-a7-1-2,LIM-1-2,afc-75de1-c0,2019/09/04,6-876-3890b-a7-1-1
afc-75de1-c0,876-3890b-a7,6,1,1,41,LIM-1-1,LIM-1-1-8;LIM-1-1-5;OSC-1-4-1;LIM-1-1,6-876-3890b-a7-1-2,LIM-1-2,afc-75de1-c0,2019/09/04,6-876-3890b-a7-1-1
01f-7e8b7-24,8ba-9bdde-05,102,22,1,1,LIM-22-23,LIM-22-23-8;LIM-22-23-5;OSC-22-22-1;LIM-22-23;WSSOPM-22-27,112-c14-53b44-85-21-4,,no value present,2019/09/04,102-8ba-9bdde-05-22-1
01f-7e8b7-24,8ba-9bdde-05,102,22,1,1,LIM-22-23,LIM-22-23-8;LIM-22-23-5;OSC-22-22-1;LIM-22-23;WSSOPM-22-27,102-8ba-9bdde-05-21-5,LIM-21-24,88a-020cf-7f,2019/09/04,102-8ba-9bdde-05-22-1
01f-7e8b7-24,8ba-9bdde-05,102,22,1,1,LIM-22-23,LIM-22-23-8;LIM-22-23-5;OSC-22-22-1;LIM-22-23;WSSOPM-22-27,102-8ba-9bdde-05-21-5,LIM-21-24,88a-020cf-7f,2019/09/04,102-8ba-9bdde-05-22-1
01f-7e8b7-24,8ba-9bdde-05,102,22,1,1,LIM-22-23,LIM-22-23-8;LIM-22-23-5;OSC-22-22-1;LIM-22-23;WSSOPM-22-27,102-8ba-9bdde-05-21-5,LIM-21-24,88a-020cf-7f,2019/09/04,102-8ba-9bdde-05-22-1
88a-020cf-7f,8ba-9bdde-05,102,21,5,1,LIM-21-24,LIM-21-24-8;ISS-21-22-3;LIM-21-24;WSSOPM-21-27;BMD-21-55;BMD-21-57;LIM-21-23;ISS-21-22,103-597-cba95-25-22-8,,no value present,2019/09/04,102-8ba-9bdde-05-21-5
88a-020cf-7f,8ba-9bdde-05,102,21,5,1,LIM-21-24,LIM-21-24-8;ISS-21-22-3;LIM-21-24;WSSOPM-21-27;BMD-21-55;BMD-21-57;LIM-21-23;ISS-21-22,102-8ba-9bdde-05-22-1,LIM-22-23,01f-7e8b7-24,2019/09/04,102-8ba-9bdde-05-21-5
88a-020cf-7f,8ba-9bdde-05,102,21,5,1,LIM-21-24,LIM-21-24-8;ISS-21-22-3;LIM-21-24;WSSOPM-21-27;BMD-21-55;BMD-21-57;LIM-21-23;ISS-21-22,102-8ba-9bdde-05-22-1,LIM-22-23,01f-7e8b7-24,2019/09/04,102-8ba-9bdde-05-21-5
88a-020cf-7f,8ba-9bdde-05,102,21,5,1,LIM-21-24,LIM-21-24-8;ISS-21-22-3;LIM-21-24;WSSOPM-21-27;BMD-21-55;BMD-21-57;LIM-21-23;ISS-21-22,102-8ba-9bdde-05-22-1,LIM-22-23,01f-7e8b7-24,2019/09/04,102-8ba-9bdde-05-21-5
afc-75de1-c0,974-27695-1c,3,2,2,46,LIM-2-2,HIL-TERM1-1-1;LIM-2-2-8;LIM-2-2-5;OSC-2-4-21;LIM-2-2;GMD-2-4;CMD8-2-5;CMD8-2-9,3-e03-45046-fe-1-1,,afc-75de1-c0,2019/09/04,3-974-27695-1c-2-2
4ec-ccae1-3e,986-86e6a-a3,5,41,3,12,,,6-948-263b6-dd-41-2,,no value present,2019/09/04,5-986-86e6a-a3-41-3
4ec-ccae1-3e,986-86e6a-a3,5,41,3,12,,,5-986-86e6a-a3-41-2,,4ec-ccae1-3e,2019/09/04,5-986-86e6a-a3-41-3
4ec-ccae1-3e,986-86e6a-a3,5,41,3,12,,,5-986-86e6a-a3-41-2,,4ec-ccae1-3e,2019/09/04,5-986-86e6a-a3-41-3
4ec-ccae1-3e,986-86e6a-a3,5,41,3,12,,,5-986-86e6a-a3-41-2,,4ec-ccae1-3e,2019/09/04,5-986-86e6a-a3-41-3
4ec-ccae1-3e,986-86e6a-a3,5,41,2,13,,,6-948-263b6-dd-41-2,,no value present,2019/09/04,5-986-86e6a-a3-41-2
4ec-ccae1-3e,986-86e6a-a3,5,41,2,13,,,5-986-86e6a-a3-41-3,,4ec-ccae1-3e,2019/09/04,5-986-86e6a-a3-41-2
4ec-ccae1-3e,986-86e6a-a3,5,41,2,13,,,5-986-86e6a-a3-41-3,,4ec-ccae1-3e,2019/09/04,5-986-86e6a-a3-41-2
4ec-ccae1-3e,986-86e6a-a3,5,41,2,13,,,5-986-86e6a-a3-41-3,,4ec-ccae1-3e,2019/09/04,5-986-86e6a-a3-41-2
4ec-ccae1-3e,9d8-ce57d-19,7,41,3,8,,,8-112-c24db-db-41-2,,no value present,2019/09/04,7-9d8-ce57d-19-41-3
4ec-ccae1-3e,9d8-ce57d-19,7,41,3,8,,,7-9d8-ce57d-19-41-2,,4ec-ccae1-3e,2019/09/04,7-9d8-ce57d-19-41-3
4ec-ccae1-3e,9d8-ce57d-19,7,41,3,8,,,7-9d8-ce57d-19-41-2,,4ec-ccae1-3e,2019/09/04,7-9d8-ce57d-19-41-3
4ec-ccae1-3e,9d8-ce57d-19,7,41,3,8,,,7-9d8-ce57d-19-41-2,,4ec-ccae1-3e,2019/09/04,7-9d8-ce57d-19-41-3
4ec-ccae1-3e,9d8-ce57d-19,7,41,2,9,,,8-112-c24db-db-41-2,,no value present,2019/09/04,7-9d8-ce57d-19-41-2
4ec-ccae1-3e,9d8-ce57d-19,7,41,2,9,,,7-9d8-ce57d-19-41-3,,4ec-ccae1-3e,2019/09/04,7-9d8-ce57d-19-41-2
4ec-ccae1-3e,9d8-ce57d-19,7,41,2,9,,,7-9d8-ce57d-19-41-3,,4ec-ccae1-3e,2019/09/04,7-9d8-ce57d-19-41-2
4ec-ccae1-3e,9d8-ce57d-19,7,41,2,9,,,7-9d8-ce57d-19-41-3,,4ec-ccae1-3e,2019/09/04,7-9d8-ce57d-19-41-2
216-fd2b6-77,9e5-ffca7-ae,42,41,3,4,,,43-179-6a3d0-7f-41-2,,no value present,2019/09/04,42-9e5-ffca7-ae-41-3
216-fd2b6-77,9e5-ffca7-ae,42,41,3,4,,,42-9e5-ffca7-ae-41-2,,216-fd2b6-77,2019/09/04,42-9e5-ffca7-ae-41-3
216-fd2b6-77,9e5-ffca7-ae,42,41,3,4,,,42-9e5-ffca7-ae-41-2,,216-fd2b6-77,2019/09/04,42-9e5-ffca7-ae-41-3
216-fd2b6-77,9e5-ffca7-ae,42,41,3,4,,,42-9e5-ffca7-ae-41-2,,216-fd2b6-77,2019/09/04,42-9e5-ffca7-ae-41-3
216-fd2b6-77,9e5-ffca7-ae,42,41,2,5,,,43-179-6a3d0-7f-41-2,,no value present,2019/09/04,42-9e5-ffca7-ae-41-2
216-fd2b6-77,9e5-ffca7-ae,42,41,2,5,,,42-9e5-ffca7-ae-41-3,,216-fd2b6-77,2019/09/04,42-9e5-ffca7-ae-41-2
216-fd2b6-77,9e5-ffca7-ae,42,41,2,5,,,42-9e5-ffca7-ae-41-3,,216-fd2b6-77,2019/09/04,42-9e5-ffca7-ae-41-2
216-fd2b6-77,9e5-ffca7-ae,42,41,2,5,,,42-9e5-ffca7-ae-41-3,,216-fd2b6-77,2019/09/04,42-9e5-ffca7-ae-41-2
a8c-dd7b9-8f,a03-f87b8-05,4,41,1,1,,,3-afa-c25e6-a6-42-4,,no value present,2019/09/04,4-a03-f87b8-05-41-1
a8c-dd7b9-8f,a03-f87b8-05,4,41,1,1,,,4-a03-f87b8-05-42-4,,4ec-ccae1-3e,2019/09/04,4-a03-f87b8-05-41-1
a8c-dd7b9-8f,a03-f87b8-05,4,41,1,1,,,4-a03-f87b8-05-42-4,,4ec-ccae1-3e,2019/09/04,4-a03-f87b8-05-41-1
a8c-dd7b9-8f,a03-f87b8-05,4,41,1,1,,,4-a03-f87b8-05-42-4,,4ec-ccae1-3e,2019/09/04,4-a03-f87b8-05-41-1
4ec-ccae1-3e,a03-f87b8-05,4,42,4,14,,,5-51d-80d92-9d-41-2,,no value present,2019/09/04,4-a03-f87b8-05-42-4
4ec-ccae1-3e,a03-f87b8-05,4,42,4,14,,,4-a03-f87b8-05-41-1,,a8c-dd7b9-8f,2019/09/04,4-a03-f87b8-05-42-4
4ec-ccae1-3e,a03-f87b8-05,4,42,4,14,,,4-a03-f87b8-05-41-1,,a8c-dd7b9-8f,2019/09/04,4-a03-f87b8-05-42-4
4ec-ccae1-3e,a03-f87b8-05,4,42,4,14,,,4-a03-f87b8-05-41-1,,a8c-dd7b9-8f,2019/09/04,4-a03-f87b8-05-42-4
afc-75de1-c0,a1d-cf7a6-a3,7,1,2,38,LIM-1-2,LIM-1-2-8;LIM-1-2-5;OSC-1-4-2;LIM-1-2,6-876-3890b-a7-1-1,,afc-75de1-c0,2019/09/04,7-a1d-cf7a6-a3-1-2
afc-75de1-c0,a1d-cf7a6-a3,7,1,2,38,LIM-1-2,LIM-1-2-8;LIM-1-2-5;OSC-1-4-2;LIM-1-2,7-a1d-cf7a6-a3-1-1,LIM-1-1,afc-75de1-c0,2019/09/04,7-a1d-cf7a6-a3-1-2
afc-75de1-c0,a1d-cf7a6-a3,7,1,2,38,LIM-1-2,LIM-1-2-8;LIM-1-2-5;OSC-1-4-2;LIM-1-2,7-a1d-cf7a6-a3-1-1,LIM-1-1,afc-75de1-c0,2019/09/04,7-a1d-cf7a6-a3-1-2
afc-75de1-c0,a1d-cf7a6-a3,7,1,2,38,LIM-1-2,LIM-1-2-8;LIM-1-2-5;OSC-1-4-2;LIM-1-2,7-a1d-cf7a6-a3-1-1,LIM-1-1,afc-75de1-c0,2019/09/04,7-a1d-cf7a6-a3-1-2
afc-75de1-c0,a1d-cf7a6-a3,7,1,1,39,LIM-1-1,LIM-1-1-8;LIM-1-1-5;OSC-1-4-1;LIM-1-1,6-876-3890b-a7-1-1,,afc-75de1-c0,2019/09/04,7-a1d-cf7a6-a3-1-1
afc-75de1-c0,a1d-cf7a6-a3,7,1,1,39,LIM-1-1,LIM-1-1-8;LIM-1-1-5;OSC-1-4-1;LIM-1-1,7-a1d-cf7a6-a3-1-2,LIM-1-2,afc-75de1-c0,2019/09/04,7-a1d-cf7a6-a3-1-1
afc-75de1-c0,a1d-cf7a6-a3,7,1,1,39,LIM-1-1,LIM-1-1-8;LIM-1-1-5;OSC-1-4-1;LIM-1-1,7-a1d-cf7a6-a3-1-2,LIM-1-2,afc-75de1-c0,2019/09/04,7-a1d-cf7a6-a3-1-1
afc-75de1-c0,a1d-cf7a6-a3,7,1,1,39,LIM-1-1,LIM-1-1-8;LIM-1-1-5;OSC-1-4-1;LIM-1-1,7-a1d-cf7a6-a3-1-2,LIM-1-2,afc-75de1-c0,2019/09/04,7-a1d-cf7a6-a3-1-1
971-e0858-8d,a72-483f6-0e,19,41,1,1,,,18-2a7-17904-98-41-2,,no value present,2019/09/04,19-a72-483f6-0e-41-1
971-e0858-8d,a72-483f6-0e,19,41,1,1,,,19-a72-483f6-0e-42-4,,216-fd2b6-77,2019/09/04,19-a72-483f6-0e-41-1
971-e0858-8d,a72-483f6-0e,19,41,1,1,,,19-a72-483f6-0e-42-4,,216-fd2b6-77,2019/09/04,19-a72-483f6-0e-41-1
971-e0858-8d,a72-483f6-0e,19,41,1,1,,,19-a72-483f6-0e-42-4,,216-fd2b6-77,2019/09/04,19-a72-483f6-0e-41-1
216-fd2b6-77,a72-483f6-0e,19,42,4,8,,,41-24e-99961-19-41-2,,no value present,2019/09/04,19-a72-483f6-0e-42-4
216-fd2b6-77,a72-483f6-0e,19,42,4,8,,,19-a72-483f6-0e-41-1,,971-e0858-8d,2019/09/04,19-a72-483f6-0e-42-4
216-fd2b6-77,a72-483f6-0e,19,42,4,8,,,19-a72-483f6-0e-41-1,,971-e0858-8d,2019/09/04,19-a72-483f6-0e-42-4
216-fd2b6-77,a72-483f6-0e,19,42,4,8,,,19-a72-483f6-0e-41-1,,971-e0858-8d,2019/09/04,19-a72-483f6-0e-42-4
afc-75de1-c0,ad1-c9a6c-ec,8,2,2,36,LIM-2-2,ORE-CDGFF1-1-1;LIM-2-2-8;LIM-2-2-5;OSC-2-4-21;LIM-2-2;GMD-2-4,8-bcb-bd307-d5-1-1,,afc-75de1-c0,2019/09/04,8-ad1-c9a6c-ec-2-2
1a6-101ec-27,ae4-93288-61,104,11,11,1,LIM-11-24,LIM-11-24-8;LIM-11-24-5;LIM-11-24;CMD44-11-51;CMD44-11-52;WSSOPM-11-27;BMD-11-55;BMD-11-57;LIM-11-23;SLIC-11-25,105-762-74c73-a4-5-12,,no value present,2019/09/04,104-ae4-93288-61-11-11
1a6-101ec-27,ae4-93288-61,104,11,11,1,LIM-11-24,LIM-11-24-8;LIM-11-24-5;LIM-11-24;CMD44-11-51;CMD44-11-52;WSSOPM-11-27;BMD-11-55;BMD-11-57;LIM-11-23;SLIC-11-25,104-ae4-93288-61-2-1,LIM-2-24,60f-2e739-ec,2019/09/04,104-ae4-93288-61-11-11
1a6-101ec-27,ae4-93288-61,104,11,11,1,LIM-11-24,LIM-11-24-8;LIM-11-24-5;LIM-11-24;CMD44-11-51;CMD44-11-52;WSSOPM-11-27;BMD-11-55;BMD-11-57;LIM-11-23;SLIC-11-25,104-ae4-93288-61-2-1,LIM-2-24,60f-2e739-ec,2019/09/04,104-ae4-93288-61-11-11
1a6-101ec-27,ae4-93288-61,104,11,11,1,LIM-11-24,LIM-11-24-8;LIM-11-24-5;LIM-11-24;CMD44-11-51;CMD44-11-52;WSSOPM-11-27;BMD-11-55;BMD-11-57;LIM-11-23;SLIC-11-25,104-ae4-93288-61-2-1,LIM-2-24,60f-2e739-ec,2019/09/04,104-ae4-93288-61-11-11
60f-2e739-ec,ae4-93288-61,104,2,1,1,LIM-2-24,LIM-2-24-8;LIM-2-24-5;LIM-2-24;CMD44-2-51;CMD44-2-52;WSSOPM-2-26;BMD-2-57;LIM-2-25;SLIC-2-31,105-fe6-4787b-af-2-4,,60f-2e739-ec,2019/09/04,104-ae4-93288-61-2-1
60f-2e739-ec,ae4-93288-61,104,2,1,1,LIM-2-24,LIM-2-24-8;LIM-2-24-5;LIM-2-24;CMD44-2-51;CMD44-2-52;WSSOPM-2-26;BMD-2-57;LIM-2-25;SLIC-2-31,104-ae4-93288-61-11-11,LIM-11-24,1a6-101ec-27,2019/09/04,104-ae4-93288-61-2-1
60f-2e739-ec,ae4-93288-61,104,2,1,1,LIM-2-24,LIM-2-24-8;LIM-2-24-5;LIM-2-24;CMD44-2-51;CMD44-2-52;WSSOPM-2-26;BMD-2-57;LIM-2-25;SLIC-2-31,104-ae4-93288-61-11-11,LIM-11-24,1a6-101ec-27,2019/09/04,104-ae4-93288-61-2-1
60f-2e739-ec,ae4-93288-61,104,2,1,1,LIM-2-24,LIM-2-24-8;LIM-2-24-5;LIM-2-24;CMD44-2-51;CMD44-2-52;WSSOPM-2-26;BMD-2-57;LIM-2-25;SLIC-2-31,104-ae4-93288-61-11-11,LIM-11-24,1a6-101ec-27,2019/09/04,104-ae4-93288-61-2-1
54a-70fb1-69,ae4-93288-61,104,3,8,2,LIM-3-24,LIM-3-24-8;LIM-3-24-5;LIM-3-24;CMD44-3-51;CMD44-3-52;WSSOPM-3-26;BMD-3-57;LIM-3-25;SLIC-3-31,109-041-7c224-89-3-5,,54a-70fb1-69,2019/09/04,104-ae4-93288-61-3-8
54a-70fb1-69,ae4-93288-61,104,3,8,2,LIM-3-24,LIM-3-24-8;LIM-3-24-5;LIM-3-24;CMD44-3-51;CMD44-3-52;WSSOPM-3-26;BMD-3-57;LIM-3-25;SLIC-3-31,104-ae4-93288-61-11-11,LIM-11-24,1a6-101ec-27,2019/09/04,104-ae4-93288-61-3-8
54a-70fb1-69,ae4-93288-61,104,3,8,2,LIM-3-24,LIM-3-24-8;LIM-3-24-5;LIM-3-24;CMD44-3-51;CMD44-3-52;WSSOPM-3-26;BMD-3-57;LIM-3-25;SLIC-3-31,104-ae4-93288-61-11-11,LIM-11-24,1a6-101ec-27,2019/09/04,104-ae4-93288-61-3-8
54a-70fb1-69,ae4-93288-61,104,3,8,2,LIM-3-24,LIM-3-24-8;LIM-3-24-5;LIM-3-24;CMD44-3-51;CMD44-3-52;WSSOPM-3-26;BMD-3-57;LIM-3-25;SLIC-3-31,104-ae4-93288-61-11-11,LIM-11-24,1a6-101ec-27,2019/09/04,104-ae4-93288-61-3-8
f22-45322-98,ae4-93288-61,104,10,14,2,LIM-10-24,LIM-10-24-8;ISS-10-22-3;LIM-10-24;CMD44-10-52;WSSOPM-10-27;BMD-10-55;BMD-10-57;LIM-10-23;ISS-10-22;SLIC-10-25,103-a36-2aeb3-46-5-13,,no value present,2019/09/04,104-ae4-93288-61-10-14
f22-45322-98,ae4-93288-61,104,10,14,2,LIM-10-24,LIM-10-24-8;ISS-10-22-3;LIM-10-24;CMD44-10-52;WSSOPM-10-27;BMD-10-55;BMD-10-57;LIM-10-23;ISS-10-22;SLIC-10-25,104-ae4-93288-61-11-11,LIM-11-24,1a6-101ec-27,2019/09/04,104-ae4-93288-61-10-14
f22-45322-98,ae4-93288-61,104,10,14,2,LIM-10-24,LIM-10-24-8;ISS-10-22-3;LIM-10-24;CMD44-10-52;WSSOPM-10-27;BMD-10-55;BMD-10-57;LIM-10-23;ISS-10-22;SLIC-10-25,104-ae4-93288-61-11-11,LIM-11-24,1a6-101ec-27,2019/09/04,104-ae4-93288-61-10-14
f22-45322-98,ae4-93288-61,104,10,14,2,LIM-10-24,LIM-10-24-8;ISS-10-22-3;LIM-10-24;CMD44-10-52;WSSOPM-10-27;BMD-10-55;BMD-10-57;LIM-10-23;ISS-10-22;SLIC-10-25,104-ae4-93288-61-11-11,LIM-11-24,1a6-101ec-27,2019/09/04,104-ae4-93288-61-10-14
fef-f1538-4c,ae8-3cef8-23,109,23,1,1,LIM-23-24,LIM-23-24-8;ISS-23-22-3;LIM-23-24;CMD44-23-51;CMD44-23-52;WSSOPM-23-27;BMD-23-55;BMD-23-57;LIM-23-23;ISS-23-22,108-7fb-5c3ce-ab-21-4,,no value present,2019/09/04,109-ae8-3cef8-23-23-1
fef-f1538-4c,ae8-3cef8-23,109,23,1,1,LIM-23-24,LIM-23-24-8;ISS-23-22-3;LIM-23-24;CMD44-23-51;CMD44-23-52;WSSOPM-23-27;BMD-23-55;BMD-23-57;LIM-23-23;ISS-23-22,109-ae8-3cef8-23-21-4,LIM-21-24,902-bdf51-74,2019/09/04,109-ae8-3cef8-23-23-1
fef-f1538-4c,ae8-3cef8-23,109,23,1,1,LIM-23-24,LIM-23-24-8;ISS-23-22-3;LIM-23-24;CMD44-23-51;CMD44-23-52;WSSOPM-23-27;BMD-23-55;BMD-23-57;LIM-23-23;ISS-23-22,109-ae8-3cef8-23-21-4,LIM-21-24,902-bdf51-74,2019/09/04,109-ae8-3cef8-23-23-1
fef-f1538-4c,ae8-3cef8-23,109,23,1,1,LIM-23-24,LIM-23-24-8;ISS-23-22-3;LIM-23-24;CMD44-23-51;CMD44-23-52;WSSOPM-23-27;BMD-23-55;BMD-23-57;LIM-23-23;ISS-23-22,109-ae8-3cef8-23-21-4,LIM-21-24,902-bdf51-74,2019/09/04,109-ae8-3cef8-23-23-1
902-bdf51-74,ae8-3cef8-23,109,21,4,2,LIM-21-24,LIM-21-24-8;ISS-21-22-3;LIM-21-24;WSSOPM-21-27;BMD-21-55;BMD-21-57;LIM-21-23;ISS-21-22;SLIC-21-25,110-085-4f750-73-21-1,,no value present,2019/09/04,109-ae8-3cef8-23-21-4
902-bdf51-74,ae8-3cef8-23,109,21,4,2,LIM-21-24,LIM-21-24-8;ISS-21-22-3;LIM-21-24;WSSOPM-21-27;BMD-21-55;BMD-21-57;LIM-21-23;ISS-21-22;SLIC-21-25,109-ae8-3cef8-23-23-1,LIM-23-24,fef-f1538-4c,2019/09/04,109-ae8-3cef8-23-21-4
902-bdf51-74,ae8-3cef8-23,109,21,4,2,LIM-21-24,LIM-21-24-8;ISS-21-22-3;LIM-21-24;WSSOPM-21-27;BMD-21-55;BMD-21-57;LIM-21-23;ISS-21-22;SLIC-21-25,109-ae8-3cef8-23-23-1,LIM-23-24,fef-f1538-4c,2019/09/04,109-ae8-3cef8-23-21-4
902-bdf51-74,ae8-3cef8-23,109,21,4,2,LIM-21-24,LIM-21-24-8;ISS-21-22-3;LIM-21-24;WSSOPM-21-27;BMD-21-55;BMD-21-57;LIM-21-23;ISS-21-22;SLIC-21-25,109-ae8-3cef8-23-23-1,LIM-23-24,fef-f1538-4c,2019/09/04,109-ae8-3cef8-23-21-4
216-fd2b6-77,bb0-20071-ac,43,41,3,2,,,39-830-a65f5-70-41-1,,no value present,2019/09/04,43-bb0-20071-ac-41-3
216-fd2b6-77,bb0-20071-ac,43,41,3,2,,,43-bb0-20071-ac-41-2,,216-fd2b6-77,2019/09/04,43-bb0-20071-ac-41-3
216-fd2b6-77,bb0-20071-ac,43,41,3,2,,,43-bb0-20071-ac-41-2,,216-fd2b6-77,2019/09/04,43-bb0-20071-ac-41-3
216-fd2b6-77,bb0-20071-ac,43,41,3,2,,,43-bb0-20071-ac-41-2,,216-fd2b6-77,2019/09/04,43-bb0-20071-ac-41-3
216-fd2b6-77,bb0-20071-ac,43,41,2,3,,,39-830-a65f5-70-41-1,,no value present,2019/09/04,43-bb0-20071-ac-41-2
216-fd2b6-77,bb0-20071-ac,43,41,2,3,,,43-bb0-20071-ac-41-3,,216-fd2b6-77,2019/09/04,43-bb0-20071-ac-41-2
216-fd2b6-77,bb0-20071-ac,43,41,2,3,,,43-bb0-20071-ac-41-3,,216-fd2b6-77,2019/09/04,43-bb0-20071-ac-41-2
216-fd2b6-77,bb0-20071-ac,43,41,2,3,,,43-bb0-20071-ac-41-3,,216-fd2b6-77,2019/09/04,43-bb0-20071-ac-41-2
afc-75de1-c0,bcb-bd307-d5,8,1,1,37,LIM-1-2,ORE-CDGFF2-2-1;LIM-1-2-8;LIM-1-2-5;OSC-1-4-21;LIM-1-2;GMD-1-4,8-ad1-c9a6c-ec-2-2,,afc-75de1-c0,2019/09/04,8-bcb-bd307-d5-1-1
293-7683c-f3,c2a-458e5-2d,101,1,1,1,LIM-1-24,LIM-1-24-8;LIM-1-24-5;LIM-1-24;CMD44-1-51;CMD44-1-52;WSSOPM-1-26;BMD-1-57;LIM-1-25;SLIC-1-31,100-f27-6a61c-a9-1-4,,293-7683c-f3,2019/09/04,101-c2a-458e5-2d-1-1
293-7683c-f3,c2a-458e5-2d,101,1,1,1,LIM-1-24,LIM-1-24-8;LIM-1-24-5;LIM-1-24;CMD44-1-51;CMD44-1-52;WSSOPM-1-26;BMD-1-57;LIM-1-25;SLIC-1-31,101-c2a-458e5-2d-3-4,LIM-3-25,89c-6b143-f9,2019/09/04,101-c2a-458e5-2d-1-1
293-7683c-f3,c2a-458e5-2d,101,1,1,1,LIM-1-24,LIM-1-24-8;LIM-1-24-5;LIM-1-24;CMD44-1-51;CMD44-1-52;WSSOPM-1-26;BMD-1-57;LIM-1-25;SLIC-1-31,101-c2a-458e5-2d-3-4,LIM-3-25,89c-6b143-f9,2019/09/04,101-c2a-458e5-2d-1-1
293-7683c-f3,c2a-458e5-2d,101,1,1,1,LIM-1-24,LIM-1-24-8;LIM-1-24-5;LIM-1-24;CMD44-1-51;CMD44-1-52;WSSOPM-1-26;BMD-1-57;LIM-1-25;SLIC-1-31,101-c2a-458e5-2d-3-4,LIM-3-25,89c-6b143-f9,2019/09/04,101-c2a-458e5-2d-1-1
89c-6b143-f9,c2a-458e5-2d,101,3,4,2,LIM-3-25,LIM-3-25-8;LIM-3-25-5;OSC-3-21-1;LIM-3-25;CMD44-3-51;CMD44-3-52;WSSOPM-3-26,102-e31-544bc-1c-4-1,,89c-6b143-f9,2019/09/04,101-c2a-458e5-2d-3-4
89c-6b143-f9,c2a-458e5-2d,101,3,4,2,LIM-3-25,LIM-3-25-8;LIM-3-25-5;OSC-3-21-1;LIM-3-25;CMD44-3-51;CMD44-3-52;WSSOPM-3-26,101-c2a-458e5-2d-1-1,LIM-1-24,293-7683c-f3,2019/09/04,101-c2a-458e5-2d-3-4
89c-6b143-f9,c2a-458e5-2d,101,3,4,2,LIM-3-25,LIM-3-25-8;LIM-3-25-5;OSC-3-21-1;LIM-3-25;CMD44-3-51;CMD44-3-52;WSSOPM-3-26,101-c2a-458e5-2d-1-1,LIM-1-24,293-7683c-f3,2019/09/04,101-c2a-458e5-2d-3-4
89c-6b143-f9,c2a-458e5-2d,101,3,4,2,LIM-3-25,LIM-3-25-8;LIM-3-25-5;OSC-3-21-1;LIM-3-25;CMD44-3-51;CMD44-3-52;WSSOPM-3-26,101-c2a-458e5-2d-1-1,LIM-1-24,293-7683c-f3,2019/09/04,101-c2a-458e5-2d-3-4
afc-75de1-c0,c44-7ec6b-89,14,1,2,24,LIM-1-2,LIM-1-2-8;LIM-1-2-5;OSC-1-4-2;LIM-1-2,13-423-05d88-8a-2-2,,afc-75de1-c0,2019/09/04,14-c44-7ec6b-89-1-2
afc-75de1-c0,c44-7ec6b-89,14,1,2,24,LIM-1-2,LIM-1-2-8;LIM-1-2-5;OSC-1-4-2;LIM-1-2,14-c44-7ec6b-89-1-1,LIM-1-1,afc-75de1-c0,2019/09/04,14-c44-7ec6b-89-1-2
afc-75de1-c0,c44-7ec6b-89,14,1,2,24,LIM-1-2,LIM-1-2-8;LIM-1-2-5;OSC-1-4-2;LIM-1-2,14-c44-7ec6b-89-1-1,LIM-1-1,afc-75de1-c0,2019/09/04,14-c44-7ec6b-89-1-2
afc-75de1-c0,c44-7ec6b-89,14,1,2,24,LIM-1-2,LIM-1-2-8;LIM-1-2-5;OSC-1-4-2;LIM-1-2,14-c44-7ec6b-89-1-1,LIM-1-1,afc-75de1-c0,2019/09/04,14-c44-7ec6b-89-1-2
afc-75de1-c0,c44-7ec6b-89,14,1,1,25,LIM-1-1,LIM-1-1-8;LIM-1-1-5;OSC-1-4-1;LIM-1-1,13-423-05d88-8a-2-2,,afc-75de1-c0,2019/09/04,14-c44-7ec6b-89-1-1
afc-75de1-c0,c44-7ec6b-89,14,1,1,25,LIM-1-1,LIM-1-1-8;LIM-1-1-5;OSC-1-4-1;LIM-1-1,14-c44-7ec6b-89-1-2,LIM-1-2,afc-75de1-c0,2019/09/04,14-c44-7ec6b-89-1-1
afc-75de1-c0,c44-7ec6b-89,14,1,1,25,LIM-1-1,LIM-1-1-8;LIM-1-1-5;OSC-1-4-1;LIM-1-1,14-c44-7ec6b-89-1-2,LIM-1-2,afc-75de1-c0,2019/09/04,14-c44-7ec6b-89-1-1
afc-75de1-c0,c44-7ec6b-89,14,1,1,25,LIM-1-1,LIM-1-1-8;LIM-1-1-5;OSC-1-4-1;LIM-1-1,14-c44-7ec6b-89-1-2,LIM-1-2,afc-75de1-c0,2019/09/04,14-c44-7ec6b-89-1-1
fef-f1538-4c,cfc-536d4-49,108,21,4,2,LIM-21-24,LIM-21-24-8;ISS-21-22-3;LIM-21-24;CMD44-21-51;CMD44-21-52;WSSOPM-21-27;BMD-21-55;BMD-21-57;LIM-21-23;ISS-21-22,109-225-ee35a-f3-23-1,,no value present,2019/09/04,108-cfc-536d4-49-21-4
141-526ce-57,d03-521b2-6a,105,21,4,2,LIM-21-24,LIM-21-24-8;ISS-21-22-3;LIM-21-24;CMD44-21-51;CMD44-21-52;WSSOPM-21-27;BMD-21-55;BMD-21-57;LIM-21-23;ISS-21-22;SLIC-21-25,104-bb8-5bad7-0c-23-1,,no value present,2019/09/04,105-d03-521b2-6a-21-4
971-e0858-8d,d0d-3fcdf-ac,13,41,3,12,,,14-aca-b1b80-f1-41-2,,no value present,2019/09/04,13-d0d-3fcdf-ac-41-3
971-e0858-8d,d0d-3fcdf-ac,13,41,3,12,,,13-d0d-3fcdf-ac-41-2,,971-e0858-8d,2019/09/04,13-d0d-3fcdf-ac-41-3
971-e0858-8d,d0d-3fcdf-ac,13,41,3,12,,,13-d0d-3fcdf-ac-41-2,,971-e0858-8d,2019/09/04,13-d0d-3fcdf-ac-41-3
971-e0858-8d,d0d-3fcdf-ac,13,41,3,12,,,13-d0d-3fcdf-ac-41-2,,971-e0858-8d,2019/09/04,13-d0d-3fcdf-ac-41-3
971-e0858-8d,d0d-3fcdf-ac,13,41,2,13,,,14-aca-b1b80-f1-41-2,,no value present,2019/09/04,13-d0d-3fcdf-ac-41-2
971-e0858-8d,d0d-3fcdf-ac,13,41,2,13,,,13-d0d-3fcdf-ac-41-3,,971-e0858-8d,2019/09/04,13-d0d-3fcdf-ac-41-2
971-e0858-8d,d0d-3fcdf-ac,13,41,2,13,,,13-d0d-3fcdf-ac-41-3,,971-e0858-8d,2019/09/04,13-d0d-3fcdf-ac-41-2
971-e0858-8d,d0d-3fcdf-ac,13,41,2,13,,,13-d0d-3fcdf-ac-41-3,,971-e0858-8d,2019/09/04,13-d0d-3fcdf-ac-41-2
6a8-fe868-ac,d4e-51737-76,40,41,1,1,,,26-e9f-67cf0-75-42-4,,no value present,2019/09/04,40-d4e-51737-76-41-1
6a8-fe868-ac,d4e-51737-76,40,41,1,1,,,40-d4e-51737-76-42-8,,b40-ffe98-75,2019/09/04,40-d4e-51737-76-41-1
6a8-fe868-ac,d4e-51737-76,40,41,1,1,,,40-d4e-51737-76-42-8,,b40-ffe98-75,2019/09/04,40-d4e-51737-76-41-1
6a8-fe868-ac,d4e-51737-76,40,41,1,1,,,40-d4e-51737-76-42-8,,b40-ffe98-75,2019/09/04,40-d4e-51737-76-41-1
b40-ffe98-75,d4e-51737-76,40,42,8,2,,,39-830-a65f5-70-42-5,,no value present,2019/09/04,40-d4e-51737-76-42-8
b40-ffe98-75,d4e-51737-76,40,42,8,2,,,40-d4e-51737-76-41-1,,6a8-fe868-ac,2019/09/04,40-d4e-51737-76-42-8
b40-ffe98-75,d4e-51737-76,40,42,8,2,,,40-d4e-51737-76-41-1,,6a8-fe868-ac,2019/09/04,40-d4e-51737-76-42-8
b40-ffe98-75,d4e-51737-76,40,42,8,2,,,40-d4e-51737-76-41-1,,6a8-fe868-ac,2019/09/04,40-d4e-51737-76-42-8
88a-020cf-7f,d62-99b6f-20,103,22,8,2,LIM-22-24,LIM-22-24-8;ISS-22-22-3;LIM-22-24;WSSOPM-22-27;BMD-22-55;BMD-22-57;LIM-22-23;ISS-22-22,102-525-adba0-23-21-5,,no value present,2019/09/04,103-d62-99b6f-20-22-8
88a-020cf-7f,d62-99b6f-20,103,22,8,2,LIM-22-24,LIM-22-24-8;ISS-22-22-3;LIM-22-24;WSSOPM-22-27;BMD-22-55;BMD-22-57;LIM-22-23;ISS-22-22,103-d62-99b6f-20-21-1,LIM-21-24,918-682ab-f0,2019/09/04,103-d62-99b6f-20-22-8
88a-020cf-7f,d62-99b6f-20,103,22,8,2,LIM-22-24,LIM-22-24-8;ISS-22-22-3;LIM-22-24;WSSOPM-22-27;BMD-22-55;BMD-22-57;LIM-22-23;ISS-22-22,103-d62-99b6f-20-21-1,LIM-21-24,918-682ab-f0,2019/09/04,103-d62-99b6f-20-22-8
88a-020cf-7f,d62-99b6f-20,103,22,8,2,LIM-22-24,LIM-22-24-8;ISS-22-22-3;LIM-22-24;WSSOPM-22-27;BMD-22-55;BMD-22-57;LIM-22-23;ISS-22-22,103-d62-99b6f-20-21-1,LIM-21-24,918-682ab-f0,2019/09/04,103-d62-99b6f-20-22-8
918-682ab-f0,d62-99b6f-20,103,21,1,1,LIM-21-24,LIM-21-24-8;ISS-21-22-3;LIM-21-24;WSSOPM-21-27;BMD-21-55;BMD-21-57;LIM-21-23;ISS-21-22;SLIC-21-25,104-bb8-5bad7-0c-21-4,,no value present,2019/09/04,103-d62-99b6f-20-21-1
918-682ab-f0,d62-99b6f-20,103,21,1,1,LIM-21-24,LIM-21-24-8;ISS-21-22-3;LIM-21-24;WSSOPM-21-27;BMD-21-55;BMD-21-57;LIM-21-23;ISS-21-22;SLIC-21-25,103-d62-99b6f-20-22-8,LIM-22-24,88a-020cf-7f,2019/09/04,103-d62-99b6f-20-21-1
918-682ab-f0,d62-99b6f-20,103,21,1,1,LIM-21-24,LIM-21-24-8;ISS-21-22-3;LIM-21-24;WSSOPM-21-27;BMD-21-55;BMD-21-57;LIM-21-23;ISS-21-22;SLIC-21-25,103-d62-99b6f-20-22-8,LIM-22-24,88a-020cf-7f,2019/09/04,103-d62-99b6f-20-21-1
918-682ab-f0,d62-99b6f-20,103,21,1,1,LIM-21-24,LIM-21-24-8;ISS-21-22-3;LIM-21-24;WSSOPM-21-27;BMD-21-55;BMD-21-57;LIM-21-23;ISS-21-22;SLIC-21-25,103-d62-99b6f-20-22-8,LIM-22-24,88a-020cf-7f,2019/09/04,103-d62-99b6f-20-21-1
afc-75de1-c0,d96-a7fb5-a5,4,1,4,44,LIM-1-8,POR-ROADM1-1-1;LIM-1-8-8;LIM-1-8-5;OSC-1-4-2;LIM-1-8;WSS-1-9,4-d96-a7fb5-a5-1-1,,afc-75de1-c0,2019/09/04,4-d96-a7fb5-a5-1-4
afc-75de1-c0,d96-a7fb5-a5,4,1,4,44,LIM-1-8,POR-ROADM1-1-1;LIM-1-8-8;LIM-1-8-5;OSC-1-4-2;LIM-1-8;WSS-1-9,4-d96-a7fb5-a5-1-1,LIM-1-2,afc-75de1-c0,2019/09/04,4-d96-a7fb5-a5-1-4
afc-75de1-c0,d96-a7fb5-a5,4,1,4,44,LIM-1-8,POR-ROADM1-1-1;LIM-1-8-8;LIM-1-8-5;OSC-1-4-2;LIM-1-8;WSS-1-9,4-d96-a7fb5-a5-1-1,LIM-1-2,afc-75de1-c0,2019/09/04,4-d96-a7fb5-a5-1-4
afc-75de1-c0,d96-a7fb5-a5,4,1,4,44,LIM-1-8,POR-ROADM1-1-1;LIM-1-8-8;LIM-1-8-5;OSC-1-4-2;LIM-1-8;WSS-1-9,4-d96-a7fb5-a5-1-1,LIM-1-2,afc-75de1-c0,2019/09/04,4-d96-a7fb5-a5-1-4
afc-75de1-c0,d96-a7fb5-a5,4,1,1,45,LIM-1-2,POR-ROADM1-1-2;LIM-1-2-8;LIM-1-2-5;OSC-1-4-1;LIM-1-2;WSS-1-3,4-d96-a7fb5-a5-1-4,,afc-75de1-c0,2019/09/04,4-d96-a7fb5-a5-1-1
afc-75de1-c0,d96-a7fb5-a5,4,1,1,45,LIM-1-2,POR-ROADM1-1-2;LIM-1-2-8;LIM-1-2-5;OSC-1-4-1;LIM-1-2;WSS-1-3,4-d96-a7fb5-a5-1-4,LIM-1-8,afc-75de1-c0,2019/09/04,4-d96-a7fb5-a5-1-1
afc-75de1-c0,d96-a7fb5-a5,4,1,1,45,LIM-1-2,POR-ROADM1-1-2;LIM-1-2-8;LIM-1-2-5;OSC-1-4-1;LIM-1-2;WSS-1-3,4-d96-a7fb5-a5-1-4,LIM-1-8,afc-75de1-c0,2019/09/04,4-d96-a7fb5-a5-1-1
afc-75de1-c0,d96-a7fb5-a5,4,1,1,45,LIM-1-2,POR-ROADM1-1-2;LIM-1-2-8;LIM-1-2-5;OSC-1-4-1;LIM-1-2;WSS-1-3,4-d96-a7fb5-a5-1-4,LIM-1-8,afc-75de1-c0,2019/09/04,4-d96-a7fb5-a5-1-1
58c-ea46f-12,d96-a7fb5-a5,4,2,1,1,LIM-2-2,LIM-2-2-8;LIM-2-2-5;OSC-2-4-1;LIM-2-2;WSS-2-3,4000-ef4-69077-2d-3-4,,58c-ea46f-12,2019/09/04,4-d96-a7fb5-a5-2-1
58c-ea46f-12,d96-a7fb5-a5,4,2,1,1,LIM-2-2,LIM-2-2-8;LIM-2-2-5;OSC-2-4-1;LIM-2-2;WSS-2-3,4-d96-a7fb5-a5-1-4,LIM-1-8,afc-75de1-c0,2019/09/04,4-d96-a7fb5-a5-2-1
58c-ea46f-12,d96-a7fb5-a5,4,2,1,1,LIM-2-2,LIM-2-2-8;LIM-2-2-5;OSC-2-4-1;LIM-2-2;WSS-2-3,4-d96-a7fb5-a5-1-4,LIM-1-8,afc-75de1-c0,2019/09/04,4-d96-a7fb5-a5-2-1
58c-ea46f-12,d96-a7fb5-a5,4,2,1,1,LIM-2-2,LIM-2-2-8;LIM-2-2-5;OSC-2-4-1;LIM-2-2;WSS-2-3,4-d96-a7fb5-a5-1-4,LIM-1-8,afc-75de1-c0,2019/09/04,4-d96-a7fb5-a5-2-1
87c-397e5-35,dbb-575b9-c1,39,1,1,1,LIM-1-2,LIM-1-2-8;LIM-1-2-5;OSC-1-1-1;LIM-1-2;CMD44-1-84;CMD44-1-83;WSSOPM-1-7,26-a17-65464-e5-15-2,,no value present,2019/09/04,39-dbb-575b9-c1-1-1
e03-dff35-95,dfa-62357-df,103,1,4,2,LIM-1-24,LIM-1-24-8;LIM-1-24-5;LIM-1-24;CMD44-1-51;CMD44-1-52;WSSOPM-1-26;BMD-1-57;LIM-1-25;SLIC-1-31,102-e31-544bc-1c-2-1,,e03-dff35-95,2019/09/04,103-dfa-62357-df-1-4
e03-dff35-95,dfa-62357-df,103,1,4,2,LIM-1-24,LIM-1-24-8;LIM-1-24-5;LIM-1-24;CMD44-1-51;CMD44-1-52;WSSOPM-1-26;BMD-1-57;LIM-1-25;SLIC-1-31,103-dfa-62357-df-5-13,LIM-5-24,f22-45322-98,2019/09/04,103-dfa-62357-df-1-4
e03-dff35-95,dfa-62357-df,103,1,4,2,LIM-1-24,LIM-1-24-8;LIM-1-24-5;LIM-1-24;CMD44-1-51;CMD44-1-52;WSSOPM-1-26;BMD-1-57;LIM-1-25;SLIC-1-31,103-dfa-62357-df-5-13,LIM-5-24,f22-45322-98,2019/09/04,103-dfa-62357-df-1-4
e03-dff35-95,dfa-62357-df,103,1,4,2,LIM-1-24,LIM-1-24-8;LIM-1-24-5;LIM-1-24;CMD44-1-51;CMD44-1-52;WSSOPM-1-26;BMD-1-57;LIM-1-25;SLIC-1-31,103-dfa-62357-df-5-13,LIM-5-24,f22-45322-98,2019/09/04,103-dfa-62357-df-1-4
f22-45322-98,dfa-62357-df,103,5,13,1,LIM-5-24,LIM-5-24-8;ISS-5-22-3;LIM-5-24;CMD44-5-52;WSSOPM-5-27;BMD-5-55;BMD-5-57;LIM-5-23;ISS-5-22,104-06a-5c2ee-6f-10-14,,no value present,2019/09/04,103-dfa-62357-df-5-13
f22-45322-98,dfa-62357-df,103,5,13,1,LIM-5-24,LIM-5-24-8;ISS-5-22-3;LIM-5-24;CMD44-5-52;WSSOPM-5-27;BMD-5-55;BMD-5-57;LIM-5-23;ISS-5-22,103-dfa-62357-df-1-4,LIM-1-24,e03-dff35-95,2019/09/04,103-dfa-62357-df-5-13
f22-45322-98,dfa-62357-df,103,5,13,1,LIM-5-24,LIM-5-24-8;ISS-5-22-3;LIM-5-24;CMD44-5-52;WSSOPM-5-27;BMD-5-55;BMD-5-57;LIM-5-23;ISS-5-22,103-dfa-62357-df-1-4,LIM-1-24,e03-dff35-95,2019/09/04,103-dfa-62357-df-5-13
f22-45322-98,dfa-62357-df,103,5,13,1,LIM-5-24,LIM-5-24-8;ISS-5-22-3;LIM-5-24;CMD44-5-52;WSSOPM-5-27;BMD-5-55;BMD-5-57;LIM-5-23;ISS-5-22,103-dfa-62357-df-1-4,LIM-1-24,e03-dff35-95,2019/09/04,103-dfa-62357-df-5-13
afc-75de1-c0,e03-45046-fe,3,1,1,47,LIM-1-2,HIL-TERM2-2-1;LIM-1-2-8;LIM-1-2-5;OSC-1-4-21;LIM-1-2;GMD-1-4;CMD8-1-5;CMD8-1-9;CMD8-1-7,3-974-27695-1c-2-2,,afc-75de1-c0,2019/09/04,3-e03-45046-fe-1-1
971-e0858-8d,e1a-6e18d-29,12,41,3,14,,,13-d62-d5eae-77-41-2,,no value present,2019/09/04,12-e1a-6e18d-29-41-3
971-e0858-8d,e1a-6e18d-29,12,41,3,14,,,12-e1a-6e18d-29-41-2,,971-e0858-8d,2019/09/04,12-e1a-6e18d-29-41-3
971-e0858-8d,e1a-6e18d-29,12,41,3,14,,,12-e1a-6e18d-29-41-2,,971-e0858-8d,2019/09/04,12-e1a-6e18d-29-41-3
971-e0858-8d,e1a-6e18d-29,12,41,3,14,,,12-e1a-6e18d-29-41-2,,971-e0858-8d,2019/09/04,12-e1a-6e18d-29-41-3
971-e0858-8d,e1a-6e18d-29,12,41,2,15,,,13-d62-d5eae-77-41-2,,no value present,2019/09/04,12-e1a-6e18d-29-41-2
971-e0858-8d,e1a-6e18d-29,12,41,2,15,,,12-e1a-6e18d-29-41-3,,971-e0858-8d,2019/09/04,12-e1a-6e18d-29-41-2
971-e0858-8d,e1a-6e18d-29,12,41,2,15,,,12-e1a-6e18d-29-41-3,,971-e0858-8d,2019/09/04,12-e1a-6e18d-29-41-2
971-e0858-8d,e1a-6e18d-29,12,41,2,15,,,12-e1a-6e18d-29-41-3,,971-e0858-8d,2019/09/04,12-e1a-6e18d-29-41-2
886-8b883-12,e26-f8c37-e4,3,41,5,1,,,33-7a5-ab562-05-41-2,,no value present,2019/09/04,3-e26-f8c37-e4-41-5
886-8b883-12,e26-f8c37-e4,3,41,5,1,,,3-e26-f8c37-e4-42-4,,a8c-dd7b9-8f,2019/09/04,3-e26-f8c37-e4-41-5
886-8b883-12,e26-f8c37-e4,3,41,5,1,,,3-e26-f8c37-e4-42-4,,a8c-dd7b9-8f,2019/09/04,3-e26-f8c37-e4-41-5
886-8b883-12,e26-f8c37-e4,3,41,5,1,,,3-e26-f8c37-e4-42-4,,a8c-dd7b9-8f,2019/09/04,3-e26-f8c37-e4-41-5
a8c-dd7b9-8f,e26-f8c37-e4,3,42,4,2,,,4-685-7ba47-2a-41-1,,no value present,2019/09/04,3-e26-f8c37-e4-42-4
a8c-dd7b9-8f,e26-f8c37-e4,3,42,4,2,,,3-e26-f8c37-e4-41-5,,886-8b883-12,2019/09/04,3-e26-f8c37-e4-42-4
a8c-dd7b9-8f,e26-f8c37-e4,3,42,4,2,,,3-e26-f8c37-e4-41-5,,886-8b883-12,2019/09/04,3-e26-f8c37-e4-42-4
a8c-dd7b9-8f,e26-f8c37-e4,3,42,4,2,,,3-e26-f8c37-e4-41-5,,886-8b883-12,2019/09/04,3-e26-f8c37-e4-42-4
89c-6b143-f9,e31-544bc-1c,102,4,1,1,LIM-4-25,LIM-4-25-8;LIM-4-25-5;OSC-4-21-1;LIM-4-25;CMD44-4-51;CMD44-4-52;WSSOPM-4-26,101-c2a-458e5-2d-3-4,,89c-6b143-f9,2019/09/04,102-e31-544bc-1c-4-1
89c-6b143-f9,e31-544bc-1c,102,4,1,1,LIM-4-25,LIM-4-25-8;LIM-4-25-5;OSC-4-21-1;LIM-4-25;CMD44-4-51;CMD44-4-52;WSSOPM-4-26,102-e31-544bc-1c-2-1,LIM-2-24,e03-dff35-95,2019/09/04,102-e31-544bc-1c-4-1
89c-6b143-f9,e31-544bc-1c,102,4,1,1,LIM-4-25,LIM-4-25-8;LIM-4-25-5;OSC-4-21-1;LIM-4-25;CMD44-4-51;CMD44-4-52;WSSOPM-4-26,102-e31-544bc-1c-2-1,LIM-2-24,e03-dff35-95,2019/09/04,102-e31-544bc-1c-4-1
89c-6b143-f9,e31-544bc-1c,102,4,1,1,LIM-4-25,LIM-4-25-8;LIM-4-25-5;OSC-4-21-1;LIM-4-25;CMD44-4-51;CMD44-4-52;WSSOPM-4-26,102-e31-544bc-1c-2-1,LIM-2-24,e03-dff35-95,2019/09/04,102-e31-544bc-1c-4-1
e03-dff35-95,e31-544bc-1c,102,2,1,1,LIM-2-24,LIM-2-24-8;LIM-2-24-5;LIM-2-24;CMD44-2-51;CMD44-2-52;WSSOPM-2-26;BMD-2-57;LIM-2-25;SLIC-2-31,103-dfa-62357-df-1-4,,e03-dff35-95,2019/09/04,102-e31-544bc-1c-2-1
e03-dff35-95,e31-544bc-1c,102,2,1,1,LIM-2-24,LIM-2-24-8;LIM-2-24-5;LIM-2-24;CMD44-2-51;CMD44-2-52;WSSOPM-2-26;BMD-2-57;LIM-2-25;SLIC-2-31,102-e31-544bc-1c-4-1,LIM-4-25,89c-6b143-f9,2019/09/04,102-e31-544bc-1c-2-1
e03-dff35-95,e31-544bc-1c,102,2,1,1,LIM-2-24,LIM-2-24-8;LIM-2-24-5;LIM-2-24;CMD44-2-51;CMD44-2-52;WSSOPM-2-26;BMD-2-57;LIM-2-25;SLIC-2-31,102-e31-544bc-1c-4-1,LIM-4-25,89c-6b143-f9,2019/09/04,102-e31-544bc-1c-2-1
e03-dff35-95,e31-544bc-1c,102,2,1,1,LIM-2-24,LIM-2-24-8;LIM-2-24-5;LIM-2-24;CMD44-2-51;CMD44-2-52;WSSOPM-2-26;BMD-2-57;LIM-2-25;SLIC-2-31,102-e31-544bc-1c-4-1,LIM-4-25,89c-6b143-f9,2019/09/04,102-e31-544bc-1c-2-1
014-73fda-71,e69-ef966-a8,35,1,2,6,LIM-1-2,LIM-1-2-8;LIM-1-2-5;OSC-1-4-2;LIM-1-2,3-642-15727-b8-4-4,,014-73fda-71,2019/09/04,35-e69-ef966-a8-1-2
014-73fda-71,e69-ef966-a8,35,1,2,6,LIM-1-2,LIM-1-2-8;LIM-1-2-5;OSC-1-4-2;LIM-1-2,35-e69-ef966-a8-1-1,LIM-1-1,014-73fda-71,2019/09/04,35-e69-ef966-a8-1-2
014-73fda-71,e69-ef966-a8,35,1,2,6,LIM-1-2,LIM-1-2-8;LIM-1-2-5;OSC-1-4-2;LIM-1-2,35-e69-ef966-a8-1-1,LIM-1-1,014-73fda-71,2019/09/04,35-e69-ef966-a8-1-2
014-73fda-71,e69-ef966-a8,35,1,2,6,LIM-1-2,LIM-1-2-8;LIM-1-2-5;OSC-1-4-2;LIM-1-2,35-e69-ef966-a8-1-1,LIM-1-1,014-73fda-71,2019/09/04,35-e69-ef966-a8-1-2
014-73fda-71,e69-ef966-a8,35,1,1,7,LIM-1-1,LIM-1-1-8;LIM-1-1-5;OSC-1-4-1;LIM-1-1,3-642-15727-b8-4-4,,014-73fda-71,2019/09/04,35-e69-ef966-a8-1-1
014-73fda-71,e69-ef966-a8,35,1,1,7,LIM-1-1,LIM-1-1-8;LIM-1-1-5;OSC-1-4-1;LIM-1-1,35-e69-ef966-a8-1-2,LIM-1-2,014-73fda-71,2019/09/04,35-e69-ef966-a8-1-1
014-73fda-71,e69-ef966-a8,35,1,1,7,LIM-1-1,LIM-1-1-8;LIM-1-1-5;OSC-1-4-1;LIM-1-1,35-e69-ef966-a8-1-2,LIM-1-2,014-73fda-71,2019/09/04,35-e69-ef966-a8-1-1
014-73fda-71,e69-ef966-a8,35,1,1,7,LIM-1-1,LIM-1-1-8;LIM-1-1-5;OSC-1-4-1;LIM-1-1,35-e69-ef966-a8-1-2,LIM-1-2,014-73fda-71,2019/09/04,35-e69-ef966-a8-1-1
afc-75de1-c0,e8f-5b50a-c8,21,2,2,10,LIM-2-2,STO-TERM1-1-1;LIM-2-2-8;LIM-2-2-5;OSC-2-4-21;LIM-2-2;GMD-2-4,21-64a-a9f8d-df-1-1,,afc-75de1-c0,2019/09/04,21-e8f-5b50a-c8-2-2
58c-ea46f-12,ef4-69077-2d,4000,3,4,2,LIM-3-2,LIM-3-2-8;LIM-3-2-5;OSC-3-4-21;LIM-3-2;GMD-3-4;CMD8-3-5,4-d96-a7fb5-a5-2-1,,58c-ea46f-12,2019/09/04,4000-ef4-69077-2d-3-4
293-7683c-f3,f27-6a61c-a9,100,1,4,2,LIM-1-24,LIM-1-24-8;LIM-1-24-5;LIM-1-24;CMD44-1-51;CMD44-1-52;WSSOPM-1-26;BMD-1-57;LIM-1-25;SLIC-1-7,101-c2a-458e5-2d-1-1,,293-7683c-f3,2019/09/04,100-f27-6a61c-a9-1-4
293-7683c-f3,f27-6a61c-a9,100,1,4,2,LIM-1-24,LIM-1-24-8;LIM-1-24-5;LIM-1-24;CMD44-1-51;CMD44-1-52;WSSOPM-1-26;BMD-1-57;LIM-1-25;SLIC-1-7,100-f27-6a61c-a9-1-1,LIM-1-34,c45-bec97-ac,2019/09/04,100-f27-6a61c-a9-1-4
293-7683c-f3,f27-6a61c-a9,100,1,4,2,LIM-1-24,LIM-1-24-8;LIM-1-24-5;LIM-1-24;CMD44-1-51;CMD44-1-52;WSSOPM-1-26;BMD-1-57;LIM-1-25;SLIC-1-7,100-f27-6a61c-a9-1-1,LIM-1-34,c45-bec97-ac,2019/09/04,100-f27-6a61c-a9-1-4
293-7683c-f3,f27-6a61c-a9,100,1,4,2,LIM-1-24,LIM-1-24-8;LIM-1-24-5;LIM-1-24;CMD44-1-51;CMD44-1-52;WSSOPM-1-26;BMD-1-57;LIM-1-25;SLIC-1-7,100-f27-6a61c-a9-1-1,LIM-1-34,c45-bec97-ac,2019/09/04,100-f27-6a61c-a9-1-4
c45-bec97-ac,f27-6a61c-a9,100,1,1,1,LIM-1-34,LIM-1-34-8;LIM-1-34-5;OSC-1-21-2;LIM-1-34;WSSOPM-1-31,110-6f8-64e93-88-1-4,,c45-bec97-ac,2019/09/04,100-f27-6a61c-a9-1-1
c45-bec97-ac,f27-6a61c-a9,100,1,1,1,LIM-1-34,LIM-1-34-8;LIM-1-34-5;OSC-1-21-2;LIM-1-34;WSSOPM-1-31,100-f27-6a61c-a9-1-4,LIM-1-24,293-7683c-f3,2019/09/04,100-f27-6a61c-a9-1-1
c45-bec97-ac,f27-6a61c-a9,100,1,1,1,LIM-1-34,LIM-1-34-8;LIM-1-34-5;OSC-1-21-2;LIM-1-34;WSSOPM-1-31,100-f27-6a61c-a9-1-4,LIM-1-24,293-7683c-f3,2019/09/04,100-f27-6a61c-a9-1-1
c45-bec97-ac,f27-6a61c-a9,100,1,1,1,LIM-1-34,LIM-1-34-8;LIM-1-34-5;OSC-1-21-2;LIM-1-34;WSSOPM-1-31,100-f27-6a61c-a9-1-4,LIM-1-24,293-7683c-f3,2019/09/04,100-f27-6a61c-a9-1-1
c86-094ec-03,f8c-02d79-ac,39,42,4,2,,,26-e9f-67cf0-75-41-1,,no value present,2019/09/04,39-f8c-02d79-ac-42-4
c86-094ec-03,f8c-02d79-ac,39,42,4,2,,,39-f8c-02d79-ac-41-1,,216-fd2b6-77,2019/09/04,39-f8c-02d79-ac-42-4
c86-094ec-03,f8c-02d79-ac,39,42,4,2,,,39-f8c-02d79-ac-41-1,,216-fd2b6-77,2019/09/04,39-f8c-02d79-ac-42-4
c86-094ec-03,f8c-02d79-ac,39,42,4,2,,,39-f8c-02d79-ac-41-1,,216-fd2b6-77,2019/09/04,39-f8c-02d79-ac-42-4
216-fd2b6-77,f8c-02d79-ac,39,41,1,1,,,43-179-6a3d0-7f-41-2,,no value present,2019/09/04,39-f8c-02d79-ac-41-1
216-fd2b6-77,f8c-02d79-ac,39,41,1,1,,,39-f8c-02d79-ac-42-4,,c86-094ec-03,2019/09/04,39-f8c-02d79-ac-41-1
216-fd2b6-77,f8c-02d79-ac,39,41,1,1,,,39-f8c-02d79-ac-42-4,,c86-094ec-03,2019/09/04,39-f8c-02d79-ac-41-1
216-fd2b6-77,f8c-02d79-ac,39,41,1,1,,,39-f8c-02d79-ac-42-4,,c86-094ec-03,2019/09/04,39-f8c-02d79-ac-41-1
b40-ffe98-75,f8c-02d79-ac,39,42,5,1,,,40-895-dc759-5d-42-8,,no value present,2019/09/04,39-f8c-02d79-ac-42-5
b40-ffe98-75,f8c-02d79-ac,39,42,5,1,,,39-f8c-02d79-ac-42-4,,c86-094ec-03,2019/09/04,39-f8c-02d79-ac-42-5
b40-ffe98-75,f8c-02d79-ac,39,42,5,1,,,39-f8c-02d79-ac-42-4,,c86-094ec-03,2019/09/04,39-f8c-02d79-ac-42-5
b40-ffe98-75,f8c-02d79-ac,39,42,5,1,,,39-f8c-02d79-ac-42-4,,c86-094ec-03,2019/09/04,39-f8c-02d79-ac-42-5
afc-75de1-c0,fa4-9fd19-5d,10,1,2,32,LIM-1-2,LIM-1-2-8;LIM-1-2-5;OSC-1-4-2;LIM-1-2,9-24e-a9eb9-19-1-1,,afc-75de1-c0,2019/09/04,10-fa4-9fd19-5d-1-2
afc-75de1-c0,fa4-9fd19-5d,10,1,2,32,LIM-1-2,LIM-1-2-8;LIM-1-2-5;OSC-1-4-2;LIM-1-2,10-fa4-9fd19-5d-1-1,LIM-1-1,afc-75de1-c0,2019/09/04,10-fa4-9fd19-5d-1-2
afc-75de1-c0,fa4-9fd19-5d,10,1,2,32,LIM-1-2,LIM-1-2-8;LIM-1-2-5;OSC-1-4-2;LIM-1-2,10-fa4-9fd19-5d-1-1,LIM-1-1,afc-75de1-c0,2019/09/04,10-fa4-9fd19-5d-1-2
afc-75de1-c0,fa4-9fd19-5d,10,1,2,32,LIM-1-2,LIM-1-2-8;LIM-1-2-5;OSC-1-4-2;LIM-1-2,10-fa4-9fd19-5d-1-1,LIM-1-1,afc-75de1-c0,2019/09/04,10-fa4-9fd19-5d-1-2
afc-75de1-c0,fa4-9fd19-5d,10,1,1,33,LIM-1-1,LIM-1-1-8;LIM-1-1-5;OSC-1-4-1;LIM-1-1,9-24e-a9eb9-19-1-1,,afc-75de1-c0,2019/09/04,10-fa4-9fd19-5d-1-1
afc-75de1-c0,fa4-9fd19-5d,10,1,1,33,LIM-1-1,LIM-1-1-8;LIM-1-1-5;OSC-1-4-1;LIM-1-1,10-fa4-9fd19-5d-1-2,LIM-1-2,afc-75de1-c0,2019/09/04,10-fa4-9fd19-5d-1-1
afc-75de1-c0,fa4-9fd19-5d,10,1,1,33,LIM-1-1,LIM-1-1-8;LIM-1-1-5;OSC-1-4-1;LIM-1-1,10-fa4-9fd19-5d-1-2,LIM-1-2,afc-75de1-c0,2019/09/04,10-fa4-9fd19-5d-1-1
afc-75de1-c0,fa4-9fd19-5d,10,1,1,33,LIM-1-1,LIM-1-1-8;LIM-1-1-5;OSC-1-4-1;LIM-1-1,10-fa4-9fd19-5d-1-2,LIM-1-2,afc-75de1-c0,2019/09/04,10-fa4-9fd19-5d-1-1
1a6-101ec-27,fe6-4787b-af,105,5,12,2,LIM-5-24,LIM-5-24-8;LIM-5-24-5;LIM-5-24;CMD44-5-51;CMD44-5-52;WSSOPM-5-27;BMD-5-55;BMD-5-57;SLIC-5-25;BMD-5-54,104-06a-5c2ee-6f-11-11,,no value present,2019/09/04,105-fe6-4787b-af-5-12
1a6-101ec-27,fe6-4787b-af,105,5,12,2,LIM-5-24,LIM-5-24-8;LIM-5-24-5;LIM-5-24;CMD44-5-51;CMD44-5-52;WSSOPM-5-27;BMD-5-55;BMD-5-57;SLIC-5-25;BMD-5-54,105-fe6-4787b-af-2-4,LIM-2-24,60f-2e739-ec,2019/09/04,105-fe6-4787b-af-5-12
1a6-101ec-27,fe6-4787b-af,105,5,12,2,LIM-5-24,LIM-5-24-8;LIM-5-24-5;LIM-5-24;CMD44-5-51;CMD44-5-52;WSSOPM-5-27;BMD-5-55;BMD-5-57;SLIC-5-25;BMD-5-54,105-fe6-4787b-af-2-4,LIM-2-24,60f-2e739-ec,2019/09/04,105-fe6-4787b-af-5-12
1a6-101ec-27,fe6-4787b-af,105,5,12,2,LIM-5-24,LIM-5-24-8;LIM-5-24-5;LIM-5-24;CMD44-5-51;CMD44-5-52;WSSOPM-5-27;BMD-5-55;BMD-5-57;SLIC-5-25;BMD-5-54,105-fe6-4787b-af-2-4,LIM-2-24,60f-2e739-ec,2019/09/04,105-fe6-4787b-af-5-12
60f-2e739-ec,fe6-4787b-af,105,2,4,2,LIM-2-24,LIM-2-24-8;LIM-2-24-5;LIM-2-24;CMD44-2-51;CMD44-2-52;WSSOPM-2-26;BMD-2-57;LIM-2-25;SLIC-2-31,104-ae4-93288-61-2-1,,60f-2e739-ec,2019/09/04,105-fe6-4787b-af-2-4
60f-2e739-ec,fe6-4787b-af,105,2,4,2,LIM-2-24,LIM-2-24-8;LIM-2-24-5;LIM-2-24;CMD44-2-51;CMD44-2-52;WSSOPM-2-26;BMD-2-57;LIM-2-25;SLIC-2-31,105-fe6-4787b-af-5-12,LIM-5-24,1a6-101ec-27,2019/09/04,105-fe6-4787b-af-2-4
60f-2e739-ec,fe6-4787b-af,105,2,4,2,LIM-2-24,LIM-2-24-8;LIM-2-24-5;LIM-2-24;CMD44-2-51;CMD44-2-52;WSSOPM-2-26;BMD-2-57;LIM-2-25;SLIC-2-31,105-fe6-4787b-af-5-12,LIM-5-24,1a6-101ec-27,2019/09/04,105-fe6-4787b-af-2-4
60f-2e739-ec,fe6-4787b-af,105,2,4,2,LIM-2-24,LIM-2-24-8;LIM-2-24-5;LIM-2-24;CMD44-2-51;CMD44-2-52;WSSOPM-2-26;BMD-2-57;LIM-2-25;SLIC-2-31,105-fe6-4787b-af-5-12,LIM-5-24,1a6-101ec-27,2019/09/04,105-fe6-4787b-af-2-4
afc-75de1-c0,fe6-4787b-af,105,4,2,50,LIM-4-22,LIM-4-22-8;LIM-4-22-5;OSC-4-21-1;LIM-4-22;CMD44-4-51;CMD44-4-52;WSSOPM-4-26,2-196-2ec6e-66-1-1,,afc-75de1-c0,2019/09/04,105-fe6-4787b-af-4-2
afc-75de1-c0,fe6-4787b-af,105,4,2,50,LIM-4-22,LIM-4-22-8;LIM-4-22-5;OSC-4-21-1;LIM-4-22;CMD44-4-51;CMD44-4-52;WSSOPM-4-26,105-fe6-4787b-af-5-12,LIM-5-24,1a6-101ec-27,2019/09/04,105-fe6-4787b-af-4-2
afc-75de1-c0,fe6-4787b-af,105,4,2,50,LIM-4-22,LIM-4-22-8;LIM-4-22-5;OSC-4-21-1;LIM-4-22;CMD44-4-51;CMD44-4-52;WSSOPM-4-26,105-fe6-4787b-af-5-12,LIM-5-24,1a6-101ec-27,2019/09/04,105-fe6-4787b-af-4-2
afc-75de1-c0,fe6-4787b-af,105,4,2,50,LIM-4-22,LIM-4-22-8;LIM-4-22-5;OSC-4-21-1;LIM-4-22;CMD44-4-51;CMD44-4-52;WSSOPM-4-26,105-fe6-4787b-af-5-12,LIM-5-24,1a6-101ec-27,2019/09/04,105-fe6-4787b-af-4-2
